cofins,erro,fonte_cofins,fonte_ii,fonte_ipi,fonte_pis,ii,ipi,ncm,ncm_formatado,observacoes,override,pis,produto_exemplo,qtd_produtos,regra_pis_cofins,sku_exemplo,status
9.65,,Regra geral COFINS-Importação,Buscador NCM (página pública; conferir exceções TEC/LETEC/Ex-tarifário),TIPI oficial Receita Federal — atualizada ADE RFB nº 1/2026,Regra geral PIS-Importação,16.0,3.25,39173900,3917.39.00,"Fonte gratuita pública usada para alimentar a nova base local. PIS/COFINS usam regra geral quando a página não trouxer exceção específica; confirme exceções com contador. Regra geral; confirmar exceções legais por NCM, destinação e perfil do importador.",False,2.1,Vehicle water pump bypass pipe,1,geral_2_10_9_65,369,ok
9.65,,Regra geral COFINS-Importação,Buscador NCM (página pública; conferir exceções TEC/LETEC/Ex-tarifário),TIPI oficial Receita Federal — atualizada ADE RFB nº 1/2026,Regra geral PIS-Importação,14.4,9.75,39191090,3919.10.90,"Fonte gratuita pública usada para alimentar a nova base local. PIS/COFINS usam regra geral quando a página não trouxer exceção específica; confirme exceções com contador. Regra geral; confirmar exceções legais por NCM, destinação e perfil do importador.",False,2.1,Vehicle side sticker,2,geral_2_10_9_65,94-1,ok
9.65,,Regra geral COFINS-Importação,Buscador NCM (página pública; conferir exceções TEC/LETEC/Ex-tarifário),TIPI oficial Receita Federal — atualizada ADE RFB nº 1/2026,Regra geral PIS-Importação,16.0,9.75,39199090,3919.90.90,"Fonte gratuita pública usada para alimentar a nova base local. PIS/COFINS usam regra geral quando a página não trouxer exceção específica; confirme exceções com contador. Regra geral; confirmar exceções legais por NCM, destinação e perfil do importador.",False,2.1,Fire blanket 1.8x1.2cm,1,geral_2_10_9_65,473,ok
9.65,,Regra geral COFINS-Importação,Buscador NCM (página pública; conferir exceções TEC/LETEC/Ex-tarifário),TIPI oficial Receita Federal — atualizada ADE RFB nº 1/2026,Regra geral PIS-Importação,18.0,9.75,39269090,3926.90.90,"Fonte gratuita pública usada para alimentar a nova base local. PIS/COFINS usam regra geral quando a página não trouxer exceção específica; confirme exceções com contador. Regra geral; confirmar exceções legais por NCM, destinação e perfil do importador.",False,2.1,8 inch manual suction cup,3,geral_2_10_9_65,391,ok
9.65,,Regra geral COFINS-Importação,Buscador NCM (página pública; conferir exceções TEC/LETEC/Ex-tarifário),TIPI oficial Receita Federal — atualizada ADE RFB nº 1/2026,Regra geral PIS-Importação,12.6,6.5,40091100,4009.11.00,"Fonte gratuita pública usada para alimentar a nova base local. PIS/COFINS usam regra geral quando a página não trouxer exceção específica; confirme exceções com contador. Regra geral; confirmar exceções legais por NCM, destinação e perfil do importador.",False,2.1,Injector nozzle return hose for van,1,geral_2_10_9_65,134,ok
9.65,,Regra geral COFINS-Importação,Buscador NCM (página pública; conferir exceções TEC/LETEC/Ex-tarifário),TIPI oficial Receita Federal — atualizada ADE RFB nº 1/2026,Regra geral PIS-Importação,12.6,6.5,40091290,4009.12.90,"Fonte gratuita pública usada para alimentar a nova base local. PIS/COFINS usam regra geral quando a página não trouxer exceção específica; confirme exceções com contador. Regra geral; confirmar exceções legais por NCM, destinação e perfil do importador.",False,2.1,Clips Intercooler 14463-5X04B'',2,geral_2_10_9_65,379-2,ok
9.65,,Regra geral COFINS-Importação,Buscador NCM (página pública; conferir exceções TEC/LETEC/Ex-tarifário),TIPI oficial Receita Federal — atualizada ADE RFB nº 1/2026,Regra geral PIS-Importação,12.6,6.5,40093100,4009.31.00,"Fonte gratuita pública usada para alimentar a nova base local. PIS/COFINS usam regra geral quando a página não trouxer exceção específica; confirme exceções com contador. Regra geral; confirmar exceções legais por NCM, destinação e perfil do importador.",False,2.1,Throttle body heater outlet pipe,7,geral_2_10_9_65,115,ok
9.65,,Regra geral COFINS-Importação,Buscador NCM (página pública; conferir exceções TEC/LETEC/Ex-tarifário),TIPI oficial Receita Federal — atualizada ADE RFB nº 1/2026,Regra geral PIS-Importação,12.6,6.5,40093290,4009.32.90,"Fonte gratuita pública usada para alimentar a nova base local. PIS/COFINS usam regra geral quando a página não trouxer exceção específica; confirme exceções com contador. Regra geral; confirmar exceções legais por NCM, destinação e perfil do importador.",False,2.1,Turbine oil return pipe 037979,1,geral_2_10_9_65,294,ok
9.65,,Regra geral COFINS-Importação,Buscador NCM (página pública; conferir exceções TEC/LETEC/Ex-tarifário),TIPI oficial Receita Federal — atualizada ADE RFB nº 1/2026,Regra geral PIS-Importação,12.6,6.5,40094290,4009.42.90,"Fonte gratuita pública usada para alimentar a nova base local. PIS/COFINS usam regra geral quando a página não trouxer exceção específica; confirme exceções com contador. Regra geral; confirmar exceções legais por NCM, destinação e perfil do importador.",False,2.1,Intercooler hose for vehicles 14463-5X04B,4,geral_2_10_9_65,384,ok
9.65,,Regra geral COFINS-Importação,Buscador NCM (página pública; conferir exceções TEC/LETEC/Ex-tarifário),TIPI oficial Receita Federal — atualizada ADE RFB nº 1/2026,Regra geral PIS-Importação,16.0,5.2,40169300,4016.93.00,"Fonte gratuita pública usada para alimentar a nova base local. PIS/COFINS usam regra geral quando a página não trouxer exceção específica; confirme exceções com contador. Regra geral; confirmar exceções legais por NCM, destinação e perfil do importador.",False,2.1,Retainer for vehicle valve control,12,geral_2_10_9_65,280,ok
14.37,,"Lei 10.865/2004 art. 8º, § 9º-A — autopeças",Buscador NCM (página pública; conferir exceções TEC/LETEC/Ex-tarifário),TIPI oficial Receita Federal — atualizada ADE RFB nº 1/2026,"Lei 10.865/2004 art. 8º, § 9º-A — autopeças",16.0,11.7,40169990,4016.99.90,Fonte gratuita pública usada para alimentar a nova base local. PIS/COFINS usam regra geral quando a página não trouxer exceção específica; confirme exceções com contador. Regra majorada de autopeças aplicada por NCM explícito/conservador para importador não fabricante. Confirmar descrição/destinação nos Anexos I/II da Lei 10.485/2002 e eventual adicional de COFINS.,False,3.12,Automatic Transmission Shift Lever for Vehicle,1,autopecas_3_12_14_37,19-1,ok
9.65,,Regra geral COFINS-Importação,Buscador NCM (página pública; conferir exceções TEC/LETEC/Ex-tarifário),TIPI oficial Receita Federal — atualizada ADE RFB nº 1/2026,Regra geral PIS-Importação,9.0,3.25,44101919,4410.19.19,"Fonte gratuita pública usada para alimentar a nova base local. PIS/COFINS usam regra geral quando a página não trouxer exceção específica; confirme exceções com contador. Regra geral; confirmar exceções legais por NCM, destinação e perfil do importador.",False,2.1,WALL PANEL,2,geral_2_10_9_65,433-1,ok
9.65,,Regra geral COFINS-Importação,Buscador NCM (página pública; conferir exceções TEC/LETEC/Ex-tarifário),TIPI oficial Receita Federal — atualizada ADE RFB nº 1/2026,Regra geral PIS-Importação,26.0,0.0,58079000,5807.90.00,"Fonte gratuita pública usada para alimentar a nova base local. PIS/COFINS usam regra geral quando a página não trouxer exceção específica; confirme exceções com contador. Regra geral; confirmar exceções legais por NCM, destinação e perfil do importador.",False,2.1,,1,geral_2_10_9_65,60-K4,ok
9.65,,Regra geral COFINS-Importação,Buscador NCM (página pública; conferir exceções TEC/LETEC/Ex-tarifário),TIPI oficial Receita Federal — atualizada ADE RFB nº 1/2026,Regra geral PIS-Importação,16.2,5.2,82075011,8207.50.11,"Fonte gratuita pública usada para alimentar a nova base local. PIS/COFINS usam regra geral quando a página não trouxer exceção específica; confirme exceções com contador. Regra geral; confirmar exceções legais por NCM, destinação e perfil do importador.",False,2.1,Spiral drill bit for soil drilling,1,geral_2_10_9_65,357,ok
14.37,,"Lei 10.865/2004 art. 8º, § 9º-A — autopeças",Buscador NCM (página pública; conferir exceções TEC/LETEC/Ex-tarifário),TIPI oficial Receita Federal — atualizada ADE RFB nº 1/2026,"Lei 10.865/2004 art. 8º, § 9º-A — autopeças",16.0,6.5,83012000,8301.20.00,Fonte gratuita pública usada para alimentar a nova base local. PIS/COFINS usam regra geral quando a página não trouxer exceção específica; confirme exceções com contador. Regra majorada de autopeças aplicada por NCM explícito/conservador para importador não fabricante. Confirmar descrição/destinação nos Anexos I/II da Lei 10.485/2002 e eventual adicional de COFINS.,False,3.12,Front Right Door Outer Handle for Vehicle,7,autopecas_3_12_14_37,198-1,ok
9.65,,Regra geral COFINS-Importação,Buscador NCM (página pública; conferir exceções TEC/LETEC/Ex-tarifário),TIPI oficial Receita Federal — atualizada ADE RFB nº 1/2026,Regra geral PIS-Importação,14.4,9.75,83030000,8303.00.00,"Fonte gratuita pública usada para alimentar a nova base local. PIS/COFINS usam regra geral quando a página não trouxer exceção específica; confirme exceções com contador. Regra geral; confirmar exceções legais por NCM, destinação e perfil do importador.",False,2.1,Mini safe holds keys,1,geral_2_10_9_65,445,ok
14.37,,"Lei 10.865/2004 art. 8º, § 9º-A — autopeças",Buscador NCM (página pública; conferir exceções TEC/LETEC/Ex-tarifário),TIPI oficial Receita Federal — atualizada ADE RFB nº 1/2026,"Lei 10.865/2004 art. 8º, § 9º-A — autopeças",16.0,3.25,84099115,8409.91.15,Fonte gratuita pública usada para alimentar a nova base local. PIS/COFINS usam regra geral quando a página não trouxer exceção específica; confirme exceções com contador. Regra majorada de autopeças aplicada por NCM explícito/conservador para importador não fabricante. Confirmar descrição/destinação nos Anexos I/II da Lei 10.485/2002 e eventual adicional de COFINS.,False,3.12,Vehicle Intake Manifold,1,autopecas_3_12_14_37,439,ok
14.37,,"Lei 10.865/2004 art. 8º, § 9º-A — autopeças",Buscador NCM (página pública; conferir exceções TEC/LETEC/Ex-tarifário),TIPI oficial Receita Federal — atualizada ADE RFB nº 1/2026,"Lei 10.865/2004 art. 8º, § 9º-A — autopeças",16.0,3.25,84099118,8409.91.18,Fonte gratuita pública usada para alimentar a nova base local. PIS/COFINS usam regra geral quando a página não trouxer exceção específica; confirme exceções com contador. Regra majorada de autopeças aplicada por NCM explícito/conservador para importador não fabricante. Confirmar descrição/destinação nos Anexos I/II da Lei 10.485/2002 e eventual adicional de COFINS.,False,3.12,Carburador,2,autopecas_3_12_14_37,411,ok
14.37,,"Lei 10.865/2004 art. 8º, § 9º-A — autopeças",Buscador NCM (página pública; conferir exceções TEC/LETEC/Ex-tarifário),TIPI oficial Receita Federal — atualizada ADE RFB nº 1/2026,"Lei 10.865/2004 art. 8º, § 9º-A — autopeças",16.0,3.25,84099915,8409.99.15,Fonte gratuita pública usada para alimentar a nova base local. PIS/COFINS usam regra geral quando a página não trouxer exceção específica; confirme exceções com contador. Regra majorada de autopeças aplicada por NCM explícito/conservador para importador não fabricante. Confirmar descrição/destinação nos Anexos I/II da Lei 10.485/2002 e eventual adicional de COFINS.,False,3.12,Valve for vehicle vacuum intake manifold,1,autopecas_3_12_14_37,281,ok
9.65,,Regra geral COFINS-Importação,Buscador NCM (página pública; conferir exceções TEC/LETEC/Ex-tarifário),TIPI oficial Receita Federal — atualizada ADE RFB nº 1/2026,Regra geral PIS-Importação,12.6,0.0,84123110,8412.31.10,"Fonte gratuita pública usada para alimentar a nova base local. PIS/COFINS usam regra geral quando a página não trouxer exceção específica; confirme exceções com contador. Regra geral; confirmar exceções legais por NCM, destinação e perfil do importador.",False,2.1,Hydraulic Actuator Cylinder for vehicle,1,geral_2_10_9_65,319,ok
14.37,,"Lei 10.865/2004 art. 8º, § 9º-A — autopeças",Buscador NCM (página pública; conferir exceções TEC/LETEC/Ex-tarifário),TIPI oficial Receita Federal — atualizada ADE RFB nº 1/2026,"Lei 10.865/2004 art. 8º, § 9º-A — autopeças",18.0,3.25,84133010,8413.30.10,Fonte gratuita pública usada para alimentar a nova base local. PIS/COFINS usam regra geral quando a página não trouxer exceção específica; confirme exceções com contador. Regra majorada de autopeças aplicada por NCM explícito/conservador para importador não fabricante. Confirmar descrição/destinação nos Anexos I/II da Lei 10.485/2002 e eventual adicional de COFINS.,False,3.12,Motorcycle Fuel Pump,11,autopecas_3_12_14_37,12,ok
14.37,,"Lei 10.865/2004 art. 8º, § 9º-A — autopeças",Buscador NCM (página pública; conferir exceções TEC/LETEC/Ex-tarifário),TIPI oficial Receita Federal — atualizada ADE RFB nº 1/2026,"Lei 10.865/2004 art. 8º, § 9º-A — autopeças",18.0,3.25,84133020,8413.30.20,Fonte gratuita pública usada para alimentar a nova base local. PIS/COFINS usam regra geral quando a página não trouxer exceção específica; confirme exceções com contador. Regra majorada de autopeças aplicada por NCM explícito/conservador para importador não fabricante. Confirmar descrição/destinação nos Anexos I/II da Lei 10.485/2002 e eventual adicional de COFINS.,False,3.12,Fuel pump for outboard engines,1,autopecas_3_12_14_37,382,ok
14.37,,"Lei 10.865/2004 art. 8º, § 9º-A — autopeças",Buscador NCM (página pública; conferir exceções TEC/LETEC/Ex-tarifário),TIPI oficial Receita Federal — atualizada ADE RFB nº 1/2026,"Lei 10.865/2004 art. 8º, § 9º-A — autopeças",18.0,3.25,84133030,8413.30.30,Fonte gratuita pública usada para alimentar a nova base local. PIS/COFINS usam regra geral quando a página não trouxer exceção específica; confirme exceções com contador. Regra majorada de autopeças aplicada por NCM explícito/conservador para importador não fabricante. Confirmar descrição/destinação nos Anexos I/II da Lei 10.485/2002 e eventual adicional de COFINS.,False,3.12,Vehicle power steering pump,1,autopecas_3_12_14_37,450,ok
14.37,,"Lei 10.865/2004 art. 8º, § 9º-A — autopeças",Buscador NCM (página pública; conferir exceções TEC/LETEC/Ex-tarifário),TIPI oficial Receita Federal — atualizada ADE RFB nº 1/2026,"Lei 10.865/2004 art. 8º, § 9º-A — autopeças",18.0,3.25,84133090,8413.30.90,Fonte gratuita pública usada para alimentar a nova base local. PIS/COFINS usam regra geral quando a página não trouxer exceção específica; confirme exceções com contador. Regra majorada de autopeças aplicada por NCM explícito/conservador para importador não fabricante. Confirmar descrição/destinação nos Anexos I/II da Lei 10.485/2002 e eventual adicional de COFINS.,False,3.12,Vehicle thermostatic valve housing with sensor,3,autopecas_3_12_14_37,307-1,ok
9.65,,Regra geral COFINS-Importação,Buscador NCM (página pública; conferir exceções TEC/LETEC/Ex-tarifário),TIPI oficial Receita Federal — atualizada ADE RFB nº 1/2026,Regra geral PIS-Importação,12.6,3.25,84137010,8413.70.10,"Fonte gratuita pública usada para alimentar a nova base local. PIS/COFINS usam regra geral quando a página não trouxer exceção específica; confirme exceções com contador. Regra geral; confirmar exceções legais por NCM, destinação e perfil do importador.",False,2.1,12v Submersible Pump for water and oil,1,geral_2_10_9_65,460,ok
9.65,,Regra geral COFINS-Importação,Buscador NCM (página pública; conferir exceções TEC/LETEC/Ex-tarifário),TIPI oficial Receita Federal — atualizada ADE RFB nº 1/2026,Regra geral PIS-Importação,12.6,0.0,84138100,8413.81.00,"Fonte gratuita pública usada para alimentar a nova base local. PIS/COFINS usam regra geral quando a página não trouxer exceção específica; confirme exceções com contador. Regra geral; confirmar exceções legais por NCM, destinação e perfil do importador.",False,2.1,Water pump DC 24V,1,geral_2_10_9_65,78,ok
10.25,,Simulador oficial Siscomex/RFB — COFINS-Importação geral com adicional vigente em 2026,Simulador oficial Siscomex/RFB — validado em 28/04/2026,TIPI oficial Receita Federal — atualizada ADE RFB nº 1/2026,Simulador oficial Siscomex/RFB — regra geral PIS-Importação,20.0,0.0,84138200,8413.82.00,Fonte gratuita pública usada para alimentar a nova base local. PIS/COFINS usam regra geral quando a página não trouxer exceção específica; confirme exceções com contador. Correção exata validada pelo simulador oficial em 28/04/2026. Correção exata validada pelo simulador oficial em 28/04/2026.,True,2.1,Water pump DC 12V,1,override_exato,79,ok
9.65,,Regra geral COFINS-Importação,Buscador NCM (página pública; conferir exceções TEC/LETEC/Ex-tarifário),TIPI oficial Receita Federal — atualizada ADE RFB nº 1/2026,Regra geral PIS-Importação,12.6,0.0,84141000,8414.10.00,"Fonte gratuita pública usada para alimentar a nova base local. PIS/COFINS usam regra geral quando a página não trouxer exceção específica; confirme exceções com contador. Regra geral; confirmar exceções legais por NCM, destinação e perfil do importador.",False,2.1,Air Control Valve,2,geral_2_10_9_65,199,ok
9.65,,Regra geral COFINS-Importação,Buscador NCM (página pública; conferir exceções TEC/LETEC/Ex-tarifário),TIPI oficial Receita Federal — atualizada ADE RFB nº 1/2026,Regra geral PIS-Importação,12.6,3.25,84149034,8414.90.34,"Fonte gratuita pública usada para alimentar a nova base local. PIS/COFINS usam regra geral quando a página não trouxer exceção específica; confirme exceções com contador. Regra geral; confirmar exceções legais por NCM, destinação e perfil do importador.",False,2.1,Pressure regulating valve,3,geral_2_10_9_65,137,ok
9.65,,Regra geral COFINS-Importação,Buscador NCM (página pública; conferir exceções TEC/LETEC/Ex-tarifário),TIPI oficial Receita Federal — atualizada ADE RFB nº 1/2026,Regra geral PIS-Importação,12.6,9.75,84189900,8418.99.00,"Fonte gratuita pública usada para alimentar a nova base local. PIS/COFINS usam regra geral quando a página não trouxer exceção específica; confirme exceções com contador. Regra geral; confirmar exceções legais por NCM, destinação e perfil do importador.",False,2.1,Vehicle cylinder head water flange,1,geral_2_10_9_65,327,ok
9.65,,Regra geral COFINS-Importação,Buscador NCM (página pública; conferir exceções TEC/LETEC/Ex-tarifário),TIPI oficial Receita Federal — atualizada ADE RFB nº 1/2026,Regra geral PIS-Importação,14.0,3.25,84199090,8419.90.90,"Fonte gratuita pública usada para alimentar a nova base local. PIS/COFINS usam regra geral quando a página não trouxer exceção específica; confirme exceções com contador. Regra geral; confirmar exceções legais por NCM, destinação e perfil do importador.",False,2.1,Air outlet diffuser for the vehicle's rear center console,1,geral_2_10_9_65,326,ok
14.37,,"Lei 10.865/2004 art. 8º, § 9º-A — autopeças",Buscador NCM (página pública; conferir exceções TEC/LETEC/Ex-tarifário),TIPI oficial Receita Federal — atualizada ADE RFB nº 1/2026,"Lei 10.865/2004 art. 8º, § 9º-A — autopeças",16.0,5.2,84212300,8421.23.00,Fonte gratuita pública usada para alimentar a nova base local. PIS/COFINS usam regra geral quando a página não trouxer exceção específica; confirme exceções com contador. Regra majorada de autopeças aplicada por NCM explícito/conservador para importador não fabricante. Confirmar descrição/destinação nos Anexos I/II da Lei 10.485/2002 e eventual adicional de COFINS.,False,3.12,Vehicle oil filter,1,autopecas_3_12_14_37,353,ok
9.65,,Regra geral COFINS-Importação,Buscador NCM (página pública; conferir exceções TEC/LETEC/Ex-tarifário),TIPI oficial Receita Federal — atualizada ADE RFB nº 1/2026,Regra geral PIS-Importação,12.6,0.0,84212990,8421.29.90,"Fonte gratuita pública usada para alimentar a nova base local. PIS/COFINS usam regra geral quando a página não trouxer exceção específica; confirme exceções com contador. Regra geral; confirmar exceções legais por NCM, destinação e perfil do importador.",False,2.1,Fuel filter for vehicle,1,geral_2_10_9_65,341,ok
14.37,,"Lei 10.865/2004 art. 8º, § 9º-A — autopeças",Buscador NCM (página pública; conferir exceções TEC/LETEC/Ex-tarifário),TIPI oficial Receita Federal — atualizada ADE RFB nº 1/2026,"Lei 10.865/2004 art. 8º, § 9º-A — autopeças",16.0,5.2,84213100,8421.31.00,Fonte gratuita pública usada para alimentar a nova base local. PIS/COFINS usam regra geral quando a página não trouxer exceção específica; confirme exceções com contador. Regra majorada de autopeças aplicada por NCM explícito/conservador para importador não fabricante. Confirmar descrição/destinação nos Anexos I/II da Lei 10.485/2002 e eventual adicional de COFINS.,False,3.12,Vehicle air conditioning filter cover,1,autopecas_3_12_14_37,324,ok
14.37,,"Lei 10.865/2004 art. 8º, § 9º-A — autopeças",Buscador NCM (página pública; conferir exceções TEC/LETEC/Ex-tarifário),TIPI oficial Receita Federal — atualizada ADE RFB nº 1/2026,"Lei 10.865/2004 art. 8º, § 9º-A — autopeças",12.6,0.0,84213990,8421.39.90,Fonte gratuita pública usada para alimentar a nova base local. PIS/COFINS usam regra geral quando a página não trouxer exceção específica; confirme exceções com contador. Regra majorada de autopeças aplicada por NCM explícito/conservador para importador não fabricante. Confirmar descrição/destinação nos Anexos I/II da Lei 10.485/2002 e eventual adicional de COFINS.,False,3.12,Activated carbon reservoir for vehicle,2,autopecas_3_12_14_37,190,ok
9.65,,Regra geral COFINS-Importação,Buscador NCM (página pública; conferir exceções TEC/LETEC/Ex-tarifário),TIPI oficial Receita Federal — atualizada ADE RFB nº 1/2026,Regra geral PIS-Importação,14.0,0.0,84248229,8424.82.29,"Fonte gratuita pública usada para alimentar a nova base local. PIS/COFINS usam regra geral quando a página não trouxer exceção específica; confirme exceções com contador. Regra geral; confirmar exceções legais por NCM, destinação e perfil do importador.",False,2.1,Foam water gun,1,geral_2_10_9_65,256,ok
9.65,,Regra geral COFINS-Importação,Buscador NCM (página pública; conferir exceções TEC/LETEC/Ex-tarifário),TIPI oficial Receita Federal — atualizada ADE RFB nº 1/2026,Regra geral PIS-Importação,12.6,3.25,84249090,8424.90.90,"Fonte gratuita pública usada para alimentar a nova base local. PIS/COFINS usam regra geral quando a página não trouxer exceção específica; confirme exceções com contador. Regra geral; confirmar exceções legais por NCM, destinação e perfil do importador.",False,2.1,Pair Front windshield washer nozzle,1,geral_2_10_9_65,297-K,ok
9.65,,Regra geral COFINS-Importação,Buscador NCM (página pública; conferir exceções TEC/LETEC/Ex-tarifário),TIPI oficial Receita Federal — atualizada ADE RFB nº 1/2026,Regra geral PIS-Importação,14.4,0.0,84251910,8425.19.10,"Fonte gratuita pública usada para alimentar a nova base local. PIS/COFINS usam regra geral quando a página não trouxer exceção específica; confirme exceções com contador. Regra geral; confirmar exceções legais por NCM, destinação e perfil do importador.",False,2.1,Manual Hoist - 1 Ton - 10 Meters,1,geral_2_10_9_65,446,ok
9.65,,Regra geral COFINS-Importação,Buscador NCM (página pública; conferir exceções TEC/LETEC/Ex-tarifário),TIPI oficial Receita Federal — atualizada ADE RFB nº 1/2026,Regra geral PIS-Importação,14.0,0.0,84253110,8425.31.10,"Fonte gratuita pública usada para alimentar a nova base local. PIS/COFINS usam regra geral quando a página não trouxer exceção específica; confirme exceções com contador. Regra geral; confirmar exceções legais por NCM, destinação e perfil do importador.",False,2.1,2 remote controls 1 receiver for crane,1,geral_2_10_9_65,443,ok
9.65,,Regra geral COFINS-Importação,Buscador NCM (página pública; conferir exceções TEC/LETEC/Ex-tarifário),TIPI oficial Receita Federal — atualizada ADE RFB nº 1/2026,Regra geral PIS-Importação,12.6,3.25,84314923,8431.49.23,"Fonte gratuita pública usada para alimentar a nova base local. PIS/COFINS usam regra geral quando a página não trouxer exceção específica; confirme exceções com contador. Regra geral; confirmar exceções legais por NCM, destinação e perfil do importador.",False,2.1,Fuel tank cap,1,geral_2_10_9_65,002,ok
9.65,,Regra geral COFINS-Importação,Buscador NCM (página pública; conferir exceções TEC/LETEC/Ex-tarifário),TIPI oficial Receita Federal — atualizada ADE RFB nº 1/2026,Regra geral PIS-Importação,14.4,3.25,84339010,8433.90.10,"Fonte gratuita pública usada para alimentar a nova base local. PIS/COFINS usam regra geral quando a página não trouxer exceção específica; confirme exceções com contador. Regra geral; confirmar exceções legais por NCM, destinação e perfil do importador.",False,2.1,,23,geral_2_10_9_65,412,ok
9.65,,Regra geral COFINS-Importação,Buscador NCM (página pública; conferir exceções TEC/LETEC/Ex-tarifário),TIPI oficial Receita Federal — atualizada ADE RFB nº 1/2026,Regra geral PIS-Importação,14.0,5.2,84678900,8467.89.00,"Fonte gratuita pública usada para alimentar a nova base local. PIS/COFINS usam regra geral quando a página não trouxer exceção específica; confirme exceções com contador. Regra geral; confirmar exceções legais por NCM, destinação e perfil do importador.",False,2.1,Double U type vibrator,1,geral_2_10_9_65,126,ok
9.65,,Regra geral COFINS-Importação,Buscador NCM (página pública; conferir exceções TEC/LETEC/Ex-tarifário),TIPI oficial Receita Federal — atualizada ADE RFB nº 1/2026,Regra geral PIS-Importação,0.0,15.0,84719014,8471.90.14,"Fonte gratuita pública usada para alimentar a nova base local. PIS/COFINS usam regra geral quando a página não trouxer exceção específica; confirme exceções com contador. Regra geral; confirmar exceções legais por NCM, destinação e perfil do importador.",False,2.1,Water and iron pipe detector scanner,2,geral_2_10_9_65,129,ok
9.65,,Regra geral COFINS-Importação,Buscador NCM (página pública; conferir exceções TEC/LETEC/Ex-tarifário),TIPI oficial Receita Federal — atualizada ADE RFB nº 1/2026,Regra geral PIS-Importação,10.8,15.0,84733042,8473.30.42,"Fonte gratuita pública usada para alimentar a nova base local. PIS/COFINS usam regra geral quando a página não trouxer exceção específica; confirme exceções com contador. Regra geral; confirmar exceções legais por NCM, destinação e perfil do importador.",False,2.1,Vehicle fan module,1,geral_2_10_9_65,173,ok
14.37,,"Lei 10.865/2004 art. 8º, § 9º-A — autopeças",Buscador NCM (página pública; conferir exceções TEC/LETEC/Ex-tarifário),TIPI oficial Receita Federal — atualizada ADE RFB nº 1/2026,"Lei 10.865/2004 art. 8º, § 9º-A — autopeças",12.6,0.0,84811000,8481.10.00,Fonte gratuita pública usada para alimentar a nova base local. PIS/COFINS usam regra geral quando a página não trouxer exceção específica; confirme exceções com contador. Regra majorada de autopeças aplicada por NCM explícito/conservador para importador não fabricante. Confirmar descrição/destinação nos Anexos I/II da Lei 10.485/2002 e eventual adicional de COFINS.,False,3.12,,1,autopecas_3_12_14_37,309.1,ok
14.37,,"Lei 10.865/2004 art. 8º, § 9º-A — autopeças",Buscador NCM (página pública; conferir exceções TEC/LETEC/Ex-tarifário),TIPI oficial Receita Federal — atualizada ADE RFB nº 1/2026,"Lei 10.865/2004 art. 8º, § 9º-A — autopeças",12.6,0.0,84812090,8481.20.90,Fonte gratuita pública usada para alimentar a nova base local. PIS/COFINS usam regra geral quando a página não trouxer exceção específica; confirme exceções com contador. Regra majorada de autopeças aplicada por NCM explícito/conservador para importador não fabricante. Confirmar descrição/destinação nos Anexos I/II da Lei 10.485/2002 e eventual adicional de COFINS.,False,3.12,Seat valve kit,1,autopecas_3_12_14_37,286,ok
14.37,,"Lei 10.865/2004 art. 8º, § 9º-A — autopeças",Buscador NCM (página pública; conferir exceções TEC/LETEC/Ex-tarifário),TIPI oficial Receita Federal — atualizada ADE RFB nº 1/2026,"Lei 10.865/2004 art. 8º, § 9º-A — autopeças",12.6,0.0,84813000,8481.30.00,Fonte gratuita pública usada para alimentar a nova base local. PIS/COFINS usam regra geral quando a página não trouxer exceção específica; confirme exceções com contador. Regra majorada de autopeças aplicada por NCM explícito/conservador para importador não fabricante. Confirmar descrição/destinação nos Anexos I/II da Lei 10.485/2002 e eventual adicional de COFINS.,False,3.12,Horizontal check valve 3/4,5,autopecas_3_12_14_37,464,ok
14.37,,"Lei 10.865/2004 art. 8º, § 9º-A — autopeças",Buscador NCM (página pública; conferir exceções TEC/LETEC/Ex-tarifário),TIPI oficial Receita Federal — atualizada ADE RFB nº 1/2026,"Lei 10.865/2004 art. 8º, § 9º-A — autopeças",12.6,0.0,84814000,8481.40.00,Fonte gratuita pública usada para alimentar a nova base local. PIS/COFINS usam regra geral quando a página não trouxer exceção específica; confirme exceções com contador. Regra majorada de autopeças aplicada por NCM explícito/conservador para importador não fabricante. Confirmar descrição/destinação nos Anexos I/II da Lei 10.485/2002 e eventual adicional de COFINS.,False,3.12,Pair of 90º sport valves adapted for motorcycle tires.,2,autopecas_3_12_14_37,169-K,ok
9.65,,Regra geral COFINS-Importação,Buscador NCM (página pública; conferir exceções TEC/LETEC/Ex-tarifário),TIPI oficial Receita Federal — atualizada ADE RFB nº 1/2026,Regra geral PIS-Importação,16.2,0.0,84818019,8481.80.19,"Fonte gratuita pública usada para alimentar a nova base local. PIS/COFINS usam regra geral quando a página não trouxer exceção específica; confirme exceções com contador. Regra geral; confirmar exceções legais por NCM, destinação e perfil do importador.",False,2.1,Motorcycle fuel tap,2,geral_2_10_9_65,192,ok
9.65,,Regra geral COFINS-Importação,Buscador NCM (página pública; conferir exceções TEC/LETEC/Ex-tarifário),TIPI oficial Receita Federal — atualizada ADE RFB nº 1/2026,Regra geral PIS-Importação,12.6,0.0,84818021,8481.80.21,"Fonte gratuita pública usada para alimentar a nova base local. PIS/COFINS usam regra geral quando a página não trouxer exceção específica; confirme exceções com contador. Regra geral; confirmar exceções legais por NCM, destinação e perfil do importador.",False,2.1,,2,geral_2_10_9_65,373,ok
14.37,,"Lei 10.865/2004 art. 8º, § 9º-A — autopeças",Buscador NCM (página pública; conferir exceções TEC/LETEC/Ex-tarifário),TIPI oficial Receita Federal — atualizada ADE RFB nº 1/2026,"Lei 10.865/2004 art. 8º, § 9º-A — autopeças",12.6,0.0,84818092,8481.80.92,Fonte gratuita pública usada para alimentar a nova base local. PIS/COFINS usam regra geral quando a página não trouxer exceção específica; confirme exceções com contador. Regra majorada de autopeças aplicada por NCM explícito/conservador para importador não fabricante. Confirmar descrição/destinação nos Anexos I/II da Lei 10.485/2002 e eventual adicional de COFINS.,False,3.12,Valve for activating the vehicle's front differential,2,autopecas_3_12_14_37,303,ok
9.65,,Regra geral COFINS-Importação,Buscador NCM (página pública; conferir exceções TEC/LETEC/Ex-tarifário),TIPI oficial Receita Federal — atualizada ADE RFB nº 1/2026,Regra geral PIS-Importação,12.6,3.25,84818099,8481.80.99,"Fonte gratuita pública usada para alimentar a nova base local. PIS/COFINS usam regra geral quando a página não trouxer exceção específica; confirme exceções com contador. Regra geral; confirmar exceções legais por NCM, destinação e perfil do importador.",False,2.1,Idle Speed Actuator for vehicle,1,geral_2_10_9_65,368,ok
14.37,,"Lei 10.865/2004 art. 8º, § 9º-A — autopeças",Buscador NCM (página pública; conferir exceções TEC/LETEC/Ex-tarifário),TIPI oficial Receita Federal — atualizada ADE RFB nº 1/2026,"Lei 10.865/2004 art. 8º, § 9º-A — autopeças",16.0,7.8,84821010,8482.10.10,Fonte gratuita pública usada para alimentar a nova base local. PIS/COFINS usam regra geral quando a página não trouxer exceção específica; confirme exceções com contador. Regra majorada de autopeças aplicada por NCM explícito/conservador para importador não fabricante. Confirmar descrição/destinação nos Anexos I/II da Lei 10.485/2002 e eventual adicional de COFINS.,False,3.12,Freewheel for 4x4 vehicles 1c3z3b396cb,6,autopecas_3_12_14_37,344,ok
14.37,,"Lei 10.865/2004 art. 8º, § 9º-A — autopeças",Buscador NCM (página pública; conferir exceções TEC/LETEC/Ex-tarifário),TIPI oficial Receita Federal — atualizada ADE RFB nº 1/2026,"Lei 10.865/2004 art. 8º, § 9º-A — autopeças",16.0,0.0,84831020,8483.10.20,Fonte gratuita pública usada para alimentar a nova base local. PIS/COFINS usam regra geral quando a página não trouxer exceção específica; confirme exceções com contador. Regra majorada de autopeças aplicada por NCM explícito/conservador para importador não fabricante. Confirmar descrição/destinação nos Anexos I/II da Lei 10.485/2002 e eventual adicional de COFINS.,False,3.12,Oil level sensor 1131e5,2,autopecas_3_12_14_37,292,ok
14.37,,"Lei 10.865/2004 art. 8º, § 9º-A — autopeças",Buscador NCM (página pública; conferir exceções TEC/LETEC/Ex-tarifário),TIPI oficial Receita Federal — atualizada ADE RFB nº 1/2026,"Lei 10.865/2004 art. 8º, § 9º-A — autopeças",12.6,0.0,84834090,8483.40.90,Fonte gratuita pública usada para alimentar a nova base local. PIS/COFINS usam regra geral quando a página não trouxer exceção específica; confirme exceções com contador. Regra majorada de autopeças aplicada por NCM explícito/conservador para importador não fabricante. Confirmar descrição/destinação nos Anexos I/II da Lei 10.485/2002 e eventual adicional de COFINS.,False,3.12,Vehicle transfer case actuator gear,3,autopecas_3_12_14_37,27-1,ok
14.37,,"Lei 10.865/2004 art. 8º, § 9º-A — autopeças",Buscador NCM (página pública; conferir exceções TEC/LETEC/Ex-tarifário),TIPI oficial Receita Federal — atualizada ADE RFB nº 1/2026,"Lei 10.865/2004 art. 8º, § 9º-A — autopeças",16.0,7.8,84841000,8484.10.00,Fonte gratuita pública usada para alimentar a nova base local. PIS/COFINS usam regra geral quando a página não trouxer exceção específica; confirme exceções com contador. Regra majorada de autopeças aplicada por NCM explícito/conservador para importador não fabricante. Confirmar descrição/destinação nos Anexos I/II da Lei 10.485/2002 e eventual adicional de COFINS.,False,3.12,Vehicle engine head side cover,1,autopecas_3_12_14_37,208,ok
14.37,,"Lei 10.865/2004 art. 8º, § 9º-A — autopeças",Buscador NCM (página pública; conferir exceções TEC/LETEC/Ex-tarifário),TIPI oficial Receita Federal — atualizada ADE RFB nº 1/2026,"Lei 10.865/2004 art. 8º, § 9º-A — autopeças",12.6,6.5,84842000,8484.20.00,Fonte gratuita pública usada para alimentar a nova base local. PIS/COFINS usam regra geral quando a página não trouxer exceção específica; confirme exceções com contador. Regra majorada de autopeças aplicada por NCM explícito/conservador para importador não fabricante. Confirmar descrição/destinação nos Anexos I/II da Lei 10.485/2002 e eventual adicional de COFINS.,False,3.12,Solenoid gasket,1,autopecas_3_12_14_37,120,ok
9.65,,Regra geral COFINS-Importação,Buscador NCM (página pública; conferir exceções TEC/LETEC/Ex-tarifário),TIPI oficial Receita Federal — atualizada ADE RFB nº 1/2026,Regra geral PIS-Importação,18.0,5.0,85044010,8504.40.10,"Fonte gratuita pública usada para alimentar a nova base local. PIS/COFINS usam regra geral quando a página não trouxer exceção específica; confirme exceções com contador. Regra geral; confirmar exceções legais por NCM, destinação e perfil do importador.",False,2.1,Motorcycle Phone Holder with USB Switch,7,geral_2_10_9_65,241,ok
14.37,,"Lei 10.865/2004 art. 8º, § 9º-A — autopeças",Buscador NCM (página pública; conferir exceções TEC/LETEC/Ex-tarifário),TIPI oficial Receita Federal — atualizada ADE RFB nº 1/2026,"Lei 10.865/2004 art. 8º, § 9º-A — autopeças",18.0,9.75,85071090,8507.10.90,Fonte gratuita pública usada para alimentar a nova base local. PIS/COFINS usam regra geral quando a página não trouxer exceção específica; confirme exceções com contador. Regra majorada de autopeças aplicada por NCM explícito/conservador para importador não fabricante. Confirmar descrição/destinação nos Anexos I/II da Lei 10.485/2002 e eventual adicional de COFINS.,False,3.12,Vehicle Voltage Converter a2059053414,1,autopecas_3_12_14_37,155,ok
9.65,,Regra geral COFINS-Importação,Buscador NCM (página pública; conferir exceções TEC/LETEC/Ex-tarifário),TIPI oficial Receita Federal — atualizada ADE RFB nº 1/2026,Regra geral PIS-Importação,16.0,15.0,85079090,8507.90.90,"Fonte gratuita pública usada para alimentar a nova base local. PIS/COFINS usam regra geral quando a página não trouxer exceção específica; confirme exceções com contador. Regra geral; confirmar exceções legais por NCM, destinação e perfil do importador.",False,2.1,Quick Disconnect Battery Terminal Connector. 2Pcs,1,geral_2_10_9_65,461,ok
14.37,,"Lei 10.865/2004 art. 8º, § 9º-A — autopeças",Buscador NCM (página pública; conferir exceções TEC/LETEC/Ex-tarifário),TIPI oficial Receita Federal — atualizada ADE RFB nº 1/2026,"Lei 10.865/2004 art. 8º, § 9º-A — autopeças",18.0,9.75,85111000,8511.10.00,Fonte gratuita pública usada para alimentar a nova base local. PIS/COFINS usam regra geral quando a página não trouxer exceção específica; confirme exceções com contador. Regra majorada de autopeças aplicada por NCM explícito/conservador para importador não fabricante. Confirmar descrição/destinação nos Anexos I/II da Lei 10.485/2002 e eventual adicional de COFINS.,False,3.12,Spark plug 12620539,20,autopecas_3_12_14_37,147,ok
14.37,,"Lei 10.865/2004 art. 8º, § 9º-A — autopeças",Buscador NCM (página pública; conferir exceções TEC/LETEC/Ex-tarifário),TIPI oficial Receita Federal — atualizada ADE RFB nº 1/2026,"Lei 10.865/2004 art. 8º, § 9º-A — autopeças",18.0,9.75,85113020,8511.30.20,Fonte gratuita pública usada para alimentar a nova base local. PIS/COFINS usam regra geral quando a página não trouxer exceção específica; confirme exceções com contador. Regra majorada de autopeças aplicada por NCM explícito/conservador para importador não fabricante. Confirmar descrição/destinação nos Anexos I/II da Lei 10.485/2002 e eventual adicional de COFINS.,False,3.12,Boat Outboard Engine Ignition Coil,1,autopecas_3_12_14_37,376,ok
14.37,,"Lei 10.865/2004 art. 8º, § 9º-A — autopeças",Buscador NCM (página pública; conferir exceções TEC/LETEC/Ex-tarifário),TIPI oficial Receita Federal — atualizada ADE RFB nº 1/2026,"Lei 10.865/2004 art. 8º, § 9º-A — autopeças",18.0,9.75,85114000,8511.40.00,Fonte gratuita pública usada para alimentar a nova base local. PIS/COFINS usam regra geral quando a página não trouxer exceção específica; confirme exceções com contador. Regra majorada de autopeças aplicada por NCM explícito/conservador para importador não fabricante. Confirmar descrição/destinação nos Anexos I/II da Lei 10.485/2002 e eventual adicional de COFINS.,False,3.12,Motorcycle starter motor,3,autopecas_3_12_14_37,52,ok
14.37,,"Lei 10.865/2004 art. 8º, § 9º-A — autopeças",Buscador NCM (página pública; conferir exceções TEC/LETEC/Ex-tarifário),TIPI oficial Receita Federal — atualizada ADE RFB nº 1/2026,"Lei 10.865/2004 art. 8º, § 9º-A — autopeças",16.0,9.75,85119000,8511.90.00,Fonte gratuita pública usada para alimentar a nova base local. PIS/COFINS usam regra geral quando a página não trouxer exceção específica; confirme exceções com contador. Regra majorada de autopeças aplicada por NCM explícito/conservador para importador não fabricante. Confirmar descrição/destinação nos Anexos I/II da Lei 10.485/2002 e eventual adicional de COFINS.,False,3.12,Complete motorcycle stator,1,autopecas_3_12_14_37,437,ok
14.37,,"Lei 10.865/2004 art. 8º, § 9º-A — autopeças",Buscador NCM (página pública; conferir exceções TEC/LETEC/Ex-tarifário),TIPI oficial Receita Federal — atualizada ADE RFB nº 1/2026,"Lei 10.865/2004 art. 8º, § 9º-A — autopeças",18.0,9.75,85122011,8512.20.11,Fonte gratuita pública usada para alimentar a nova base local. PIS/COFINS usam regra geral quando a página não trouxer exceção específica; confirme exceções com contador. Regra majorada de autopeças aplicada por NCM explícito/conservador para importador não fabricante. Confirmar descrição/destinação nos Anexos I/II da Lei 10.485/2002 e eventual adicional de COFINS.,False,3.12,Vehicle rear view warning light,6,autopecas_3_12_14_37,222-1,ok
14.37,,"Lei 10.865/2004 art. 8º, § 9º-A — autopeças",Buscador NCM (página pública; conferir exceções TEC/LETEC/Ex-tarifário),TIPI oficial Receita Federal — atualizada ADE RFB nº 1/2026,"Lei 10.865/2004 art. 8º, § 9º-A — autopeças",18.0,9.75,85122022,8512.20.22,Fonte gratuita pública usada para alimentar a nova base local. PIS/COFINS usam regra geral quando a página não trouxer exceção específica; confirme exceções com contador. Regra majorada de autopeças aplicada por NCM explícito/conservador para importador não fabricante. Confirmar descrição/destinação nos Anexos I/II da Lei 10.485/2002 e eventual adicional de COFINS.,False,3.12,"Pair of dynamic blue and yellow LED rearview mirror signal lights, 5W, 12V",5,autopecas_3_12_14_37,181,ok
14.37,,"Lei 10.865/2004 art. 8º, § 9º-A — autopeças",Buscador NCM (página pública; conferir exceções TEC/LETEC/Ex-tarifário),TIPI oficial Receita Federal — atualizada ADE RFB nº 1/2026,"Lei 10.865/2004 art. 8º, § 9º-A — autopeças",16.0,9.75,85129000,8512.90.00,Fonte gratuita pública usada para alimentar a nova base local. PIS/COFINS usam regra geral quando a página não trouxer exceção específica; confirme exceções com contador. Regra majorada de autopeças aplicada por NCM explícito/conservador para importador não fabricante. Confirmar descrição/destinação nos Anexos I/II da Lei 10.485/2002 e eventual adicional de COFINS.,False,3.12,LED flashlight board,4,autopecas_3_12_14_37,221,ok
9.65,,Regra geral COFINS-Importação,Buscador NCM (página pública; conferir exceções TEC/LETEC/Ex-tarifário),TIPI oficial Receita Federal — atualizada ADE RFB nº 1/2026,Regra geral PIS-Importação,14.4,10.0,85169000,8516.90.00,"Fonte gratuita pública usada para alimentar a nova base local. PIS/COFINS usam regra geral quando a página não trouxer exceção específica; confirme exceções com contador. Regra geral; confirmar exceções legais por NCM, destinação e perfil do importador.",False,2.1,Air duct diffuser for Mitsubishi Lancer,4,geral_2_10_9_65,31-A,ok
9.65,,Regra geral COFINS-Importação,Buscador NCM (página pública; conferir exceções TEC/LETEC/Ex-tarifário),TIPI oficial Receita Federal — atualizada ADE RFB nº 1/2026,Regra geral PIS-Importação,0.0,9.75,85176254,8517.62.54,"Fonte gratuita pública usada para alimentar a nova base local. PIS/COFINS usam regra geral quando a página não trouxer exceção específica; confirme exceções com contador. Regra geral; confirmar exceções legais por NCM, destinação e perfil do importador.",False,2.1,2usb-c Hdmi Network Hub Adapter,1,geral_2_10_9_65,141,ok
9.65,,Regra geral COFINS-Importação,Buscador NCM (página pública; conferir exceções TEC/LETEC/Ex-tarifário),TIPI oficial Receita Federal — atualizada ADE RFB nº 1/2026,Regra geral PIS-Importação,18.0,20.0,85271300,8527.13.00,"Fonte gratuita pública usada para alimentar a nova base local. PIS/COFINS usam regra geral quando a página não trouxer exceção específica; confirme exceções com contador. Regra geral; confirmar exceções legais por NCM, destinação e perfil do importador.",False,2.1,Car Transmitter Receiver with Bluetooth FM Mp3 USB Pendrive,1,geral_2_10_9_65,210,ok
9.65,,Regra geral COFINS-Importação,Buscador NCM (página pública; conferir exceções TEC/LETEC/Ex-tarifário),TIPI oficial Receita Federal — atualizada ADE RFB nº 1/2026,Regra geral PIS-Importação,16.0,6.5,85291090,8529.10.90,"Fonte gratuita pública usada para alimentar a nova base local. PIS/COFINS usam regra geral quando a página não trouxer exceção específica; confirme exceções com contador. Regra geral; confirmar exceções legais por NCM, destinação e perfil do importador.",False,2.1,Car roof antenna base,1,geral_2_10_9_65,008,ok
9.65,,Regra geral COFINS-Importação,Buscador NCM (página pública; conferir exceções TEC/LETEC/Ex-tarifário),TIPI oficial Receita Federal — atualizada ADE RFB nº 1/2026,Regra geral PIS-Importação,16.0,6.5,85332190,8533.21.90,"Fonte gratuita pública usada para alimentar a nova base local. PIS/COFINS usam regra geral quando a página não trouxer exceção específica; confirme exceções com contador. Regra geral; confirmar exceções legais por NCM, destinação e perfil do importador.",False,2.1,Vehicle fan resistance,1,geral_2_10_9_65,236,ok
9.65,,Regra geral COFINS-Importação,Buscador NCM (página pública; conferir exceções TEC/LETEC/Ex-tarifário),TIPI oficial Receita Federal — atualizada ADE RFB nº 1/2026,Regra geral PIS-Importação,0.0,6.5,85334091,8533.40.91,"Fonte gratuita pública usada para alimentar a nova base local. PIS/COFINS usam regra geral quando a página não trouxer exceção específica; confirme exceções com contador. Regra geral; confirmar exceções legais por NCM, destinação e perfil do importador.",False,2.1,Vehicle speed gear position sensor,2,geral_2_10_9_65,440,ok
9.65,,Regra geral COFINS-Importação,Buscador NCM (página pública; conferir exceções TEC/LETEC/Ex-tarifário),TIPI oficial Receita Federal — atualizada ADE RFB nº 1/2026,Regra geral PIS-Importação,14.4,0.0,85351000,8535.10.00,"Fonte gratuita pública usada para alimentar a nova base local. PIS/COFINS usam regra geral quando a página não trouxer exceção específica; confirme exceções com contador. Regra geral; confirmar exceções legais por NCM, destinação e perfil do importador.",False,2.1,Vehicle battery fuse board,1,geral_2_10_9_65,291,ok
9.65,,Regra geral COFINS-Importação,Buscador NCM (página pública; conferir exceções TEC/LETEC/Ex-tarifário),TIPI oficial Receita Federal — atualizada ADE RFB nº 1/2026,Regra geral PIS-Importação,16.0,3.25,85353019,8535.30.19,"Fonte gratuita pública usada para alimentar a nova base local. PIS/COFINS usam regra geral quando a página não trouxer exceção específica; confirme exceções com contador. Regra geral; confirmar exceções legais por NCM, destinação e perfil do importador.",False,2.1,"Ignition Switch
Cardboard box",1,geral_2_10_9_65,214,ok
14.37,,"Lei 10.865/2004 art. 8º, § 9º-A — autopeças",Buscador NCM (página pública; conferir exceções TEC/LETEC/Ex-tarifário),TIPI oficial Receita Federal — atualizada ADE RFB nº 1/2026,"Lei 10.865/2004 art. 8º, § 9º-A — autopeças",16.0,3.25,85364100,8536.41.00,Fonte gratuita pública usada para alimentar a nova base local. PIS/COFINS usam regra geral quando a página não trouxer exceção específica; confirme exceções com contador. Regra majorada de autopeças aplicada por NCM explícito/conservador para importador não fabricante. Confirmar descrição/destinação nos Anexos I/II da Lei 10.485/2002 e eventual adicional de COFINS.,False,3.12,Vehicle radiator temperature sensor,3,autopecas_3_12_14_37,001,ok
14.37,,"Lei 10.865/2004 art. 8º, § 9º-A — autopeças",Buscador NCM (página pública; conferir exceções TEC/LETEC/Ex-tarifário),TIPI oficial Receita Federal — atualizada ADE RFB nº 1/2026,"Lei 10.865/2004 art. 8º, § 9º-A — autopeças",16.0,9.75,85365090,8536.50.90,Fonte gratuita pública usada para alimentar a nova base local. PIS/COFINS usam regra geral quando a página não trouxer exceção específica; confirme exceções com contador. Regra majorada de autopeças aplicada por NCM explícito/conservador para importador não fabricante. Confirmar descrição/destinação nos Anexos I/II da Lei 10.485/2002 e eventual adicional de COFINS.,False,3.12,Buttons on the steering wheel for vehicle cruise control,12,autopecas_3_12_14_37,23,ok
14.37,,"Lei 10.865/2004 art. 8º, § 9º-A — autopeças",Buscador NCM (página pública; conferir exceções TEC/LETEC/Ex-tarifário),TIPI oficial Receita Federal — atualizada ADE RFB nº 1/2026,"Lei 10.865/2004 art. 8º, § 9º-A — autopeças",16.0,9.75,85369090,8536.90.90,Fonte gratuita pública usada para alimentar a nova base local. PIS/COFINS usam regra geral quando a página não trouxer exceção específica; confirme exceções com contador. Regra majorada de autopeças aplicada por NCM explícito/conservador para importador não fabricante. Confirmar descrição/destinação nos Anexos I/II da Lei 10.485/2002 e eventual adicional de COFINS.,False,3.12,Vehicle fuse Box,3,autopecas_3_12_14_37,290,ok
9.65,,Regra geral COFINS-Importação,Buscador NCM (página pública; conferir exceções TEC/LETEC/Ex-tarifário),TIPI oficial Receita Federal — atualizada ADE RFB nº 1/2026,Regra geral PIS-Importação,18.0,9.75,85392110,8539.21.10,"Fonte gratuita pública usada para alimentar a nova base local. PIS/COFINS usam regra geral quando a página não trouxer exceção específica; confirme exceções com contador. Regra geral; confirmar exceções legais por NCM, destinação e perfil do importador.",False,2.1,,5,geral_2_10_9_65,306-10-K,ok
9.65,,Regra geral COFINS-Importação,Buscador NCM (página pública; conferir exceções TEC/LETEC/Ex-tarifário),TIPI oficial Receita Federal — atualizada ADE RFB nº 1/2026,Regra geral PIS-Importação,18.0,9.75,85392910,8539.29.10,"Fonte gratuita pública usada para alimentar a nova base local. PIS/COFINS usam regra geral quando a página não trouxer exceção específica; confirme exceções com contador. Regra geral; confirmar exceções legais por NCM, destinação e perfil do importador.",False,2.1,Pair of LED strips with sequential lighting for signaling.,6,geral_2_10_9_65,194-K,ok
9.65,,Regra geral COFINS-Importação,Buscador NCM (página pública; conferir exceções TEC/LETEC/Ex-tarifário),TIPI oficial Receita Federal — atualizada ADE RFB nº 1/2026,Regra geral PIS-Importação,12.6,9.75,85399090,8539.90.90,"Fonte gratuita pública usada para alimentar a nova base local. PIS/COFINS usam regra geral quando a página não trouxer exceção específica; confirme exceções com contador. Regra geral; confirmar exceções legais por NCM, destinação e perfil do importador.",False,2.1,Car roof antenna,11,geral_2_10_9_65,008-1,ok
9.65,,Regra geral COFINS-Importação,Buscador NCM (página pública; conferir exceções TEC/LETEC/Ex-tarifário),TIPI oficial Receita Federal — atualizada ADE RFB nº 1/2026,Regra geral PIS-Importação,12.6,3.25,85432000,8543.20.00,"Fonte gratuita pública usada para alimentar a nova base local. PIS/COFINS usam regra geral quando a página não trouxer exceção específica; confirme exceções com contador. Regra geral; confirmar exceções legais por NCM, destinação e perfil do importador.",False,2.1,Multifunctional dog repeller,2,geral_2_10_9_65,124,ok
9.65,,Regra geral COFINS-Importação,Buscador NCM (página pública; conferir exceções TEC/LETEC/Ex-tarifário),TIPI oficial Receita Federal — atualizada ADE RFB nº 1/2026,Regra geral PIS-Importação,10.8,6.5,85437099,8543.70.99,"Fonte gratuita pública usada para alimentar a nova base local. PIS/COFINS usam regra geral quando a página não trouxer exceção específica; confirme exceções com contador. Regra geral; confirmar exceções legais por NCM, destinação e perfil do importador.",False,2.1,Multifunctional dog repellent  Yellow color,1,geral_2_10_9_65,124-1,ok
14.37,,"Lei 10.865/2004 art. 8º, § 9º-A — autopeças",Buscador NCM (página pública; conferir exceções TEC/LETEC/Ex-tarifário),TIPI oficial Receita Federal — atualizada ADE RFB nº 1/2026,"Lei 10.865/2004 art. 8º, § 9º-A — autopeças",16.0,5.0,85444200,8544.42.00,Fonte gratuita pública usada para alimentar a nova base local. PIS/COFINS usam regra geral quando a página não trouxer exceção específica; confirme exceções com contador. Regra majorada de autopeças aplicada por NCM explícito/conservador para importador não fabricante. Confirmar descrição/destinação nos Anexos I/II da Lei 10.485/2002 e eventual adicional de COFINS.,False,3.12,Stereo Auxiliary Cable,1,autopecas_3_12_14_37,100,ok
14.37,,"Lei 10.865/2004 art. 8º, § 9º-A — autopeças",Buscador NCM (página pública; conferir exceções TEC/LETEC/Ex-tarifário),TIPI oficial Receita Federal — atualizada ADE RFB nº 1/2026,"Lei 10.865/2004 art. 8º, § 9º-A — autopeças",18.0,3.25,87081000,8708.10.00,Fonte gratuita pública usada para alimentar a nova base local. PIS/COFINS usam regra geral quando a página não trouxer exceção específica; confirme exceções com contador. Regra majorada de autopeças aplicada por NCM explícito/conservador para importador não fabricante. Confirmar descrição/destinação nos Anexos I/II da Lei 10.485/2002 e eventual adicional de COFINS.,False,3.12,Chrome exhaust for vehicles,29,autopecas_3_12_14_37,160,ok
14.37,,"Lei 10.865/2004 art. 8º, § 9º-A — autopeças",Buscador NCM (página pública; conferir exceções TEC/LETEC/Ex-tarifário),TIPI oficial Receita Federal — atualizada ADE RFB nº 1/2026,"Lei 10.865/2004 art. 8º, § 9º-A — autopeças",18.0,3.25,87082100,8708.21.00,Fonte gratuita pública usada para alimentar a nova base local. PIS/COFINS usam regra geral quando a página não trouxer exceção específica; confirme exceções com contador. Regra majorada de autopeças aplicada por NCM explícito/conservador para importador não fabricante. Confirmar descrição/destinação nos Anexos I/II da Lei 10.485/2002 e eventual adicional de COFINS.,False,3.12,Anti-sound insert for seat belt,12,autopecas_3_12_14_37,314,ok
14.37,,"Lei 10.865/2004 art. 8º, § 9º-A — autopeças",Buscador NCM (página pública; conferir exceções TEC/LETEC/Ex-tarifário),TIPI oficial Receita Federal — atualizada ADE RFB nº 1/2026,"Lei 10.865/2004 art. 8º, § 9º-A — autopeças",12.6,3.25,87082919,8708.29.19,Fonte gratuita pública usada para alimentar a nova base local. PIS/COFINS usam regra geral quando a página não trouxer exceção específica; confirme exceções com contador. Regra majorada de autopeças aplicada por NCM explícito/conservador para importador não fabricante. Confirmar descrição/destinação nos Anexos I/II da Lei 10.485/2002 e eventual adicional de COFINS.,False,3.12,5-Speed vehicle gear lever,4,autopecas_3_12_14_37,4-1,ok
14.37,,"Lei 10.865/2004 art. 8º, § 9º-A — autopeças",Buscador NCM (página pública; conferir exceções TEC/LETEC/Ex-tarifário),TIPI oficial Receita Federal — atualizada ADE RFB nº 1/2026,"Lei 10.865/2004 art. 8º, § 9º-A — autopeças",18.0,3.25,87082993,8708.29.93,Fonte gratuita pública usada para alimentar a nova base local. PIS/COFINS usam regra geral quando a página não trouxer exceção específica; confirme exceções com contador. Regra majorada de autopeças aplicada por NCM explícito/conservador para importador não fabricante. Confirmar descrição/destinação nos Anexos I/II da Lei 10.485/2002 e eventual adicional de COFINS.,False,3.12,Pair of black vehicle front door handles,3,autopecas_3_12_14_37,232-1,ok
14.37,,"Lei 10.865/2004 art. 8º, § 9º-A — autopeças",Buscador NCM (página pública; conferir exceções TEC/LETEC/Ex-tarifário),TIPI oficial Receita Federal — atualizada ADE RFB nº 1/2026,"Lei 10.865/2004 art. 8º, § 9º-A — autopeças",18.0,3.25,87082994,8708.29.94,Fonte gratuita pública usada para alimentar a nova base local. PIS/COFINS usam regra geral quando a página não trouxer exceção específica; confirme exceções com contador. Regra majorada de autopeças aplicada por NCM explícito/conservador para importador não fabricante. Confirmar descrição/destinação nos Anexos I/II da Lei 10.485/2002 e eventual adicional de COFINS.,False,3.12,LCD display for vehicle instrument panel,5,autopecas_3_12_14_37,200,ok
14.37,,"Lei 10.865/2004 art. 8º, § 9º-A — autopeças",Buscador NCM (página pública; conferir exceções TEC/LETEC/Ex-tarifário),TIPI oficial Receita Federal — atualizada ADE RFB nº 1/2026,"Lei 10.865/2004 art. 8º, § 9º-A — autopeças",18.0,3.25,87082999,8708.29.99,Fonte gratuita pública usada para alimentar a nova base local. PIS/COFINS usam regra geral quando a página não trouxer exceção específica; confirme exceções com contador. Regra majorada de autopeças aplicada por NCM explícito/conservador para importador não fabricante. Confirmar descrição/destinação nos Anexos I/II da Lei 10.485/2002 e eventual adicional de COFINS.,False,3.12,Pickup rear door shock absorber handle right side,15,autopecas_3_12_14_37,189-1,ok
14.37,,"Lei 10.865/2004 art. 8º, § 9º-A — autopeças",Buscador NCM (página pública; conferir exceções TEC/LETEC/Ex-tarifário),TIPI oficial Receita Federal — atualizada ADE RFB nº 1/2026,"Lei 10.865/2004 art. 8º, § 9º-A — autopeças",18.0,3.25,87083090,8708.30.90,Fonte gratuita pública usada para alimentar a nova base local. PIS/COFINS usam regra geral quando a página não trouxer exceção específica; confirme exceções com contador. Regra majorada de autopeças aplicada por NCM explícito/conservador para importador não fabricante. Confirmar descrição/destinação nos Anexos I/II da Lei 10.485/2002 e eventual adicional de COFINS.,False,3.12,Button and spring for gear lever for automatic vehicle,2,autopecas_3_12_14_37,227-1,ok
14.37,,"Lei 10.865/2004 art. 8º, § 9º-A — autopeças",Buscador NCM (página pública; conferir exceções TEC/LETEC/Ex-tarifário),TIPI oficial Receita Federal — atualizada ADE RFB nº 1/2026,"Lei 10.865/2004 art. 8º, § 9º-A — autopeças",18.0,3.25,87084080,8708.40.80,Fonte gratuita pública usada para alimentar a nova base local. PIS/COFINS usam regra geral quando a página não trouxer exceção específica; confirme exceções com contador. Regra majorada de autopeças aplicada por NCM explícito/conservador para importador não fabricante. Confirmar descrição/destinação nos Anexos I/II da Lei 10.485/2002 e eventual adicional de COFINS.,False,3.12,Automatic transmission shift cover mat,4,autopecas_3_12_14_37,246,ok
14.37,,"Lei 10.865/2004 art. 8º, § 9º-A — autopeças",Buscador NCM (página pública; conferir exceções TEC/LETEC/Ex-tarifário),TIPI oficial Receita Federal — atualizada ADE RFB nº 1/2026,"Lei 10.865/2004 art. 8º, § 9º-A — autopeças",18.0,3.25,87087090,8708.70.90,Fonte gratuita pública usada para alimentar a nova base local. PIS/COFINS usam regra geral quando a página não trouxer exceção específica; confirme exceções com contador. Regra majorada de autopeças aplicada por NCM explícito/conservador para importador não fabricante. Confirmar descrição/destinação nos Anexos I/II da Lei 10.485/2002 e eventual adicional de COFINS.,False,3.12,90º extension valve Adapted to motorcycle tires,6,autopecas_3_12_14_37,167,ok
14.37,,"Lei 10.865/2004 art. 8º, § 9º-A — autopeças",Buscador NCM (página pública; conferir exceções TEC/LETEC/Ex-tarifário),TIPI oficial Receita Federal — atualizada ADE RFB nº 1/2026,"Lei 10.865/2004 art. 8º, § 9º-A — autopeças",18.0,3.25,87088000,8708.80.00,Fonte gratuita pública usada para alimentar a nova base local. PIS/COFINS usam regra geral quando a página não trouxer exceção específica; confirme exceções com contador. Regra majorada de autopeças aplicada por NCM explícito/conservador para importador não fabricante. Confirmar descrição/destinação nos Anexos I/II da Lei 10.485/2002 e eventual adicional de COFINS.,False,3.12,Bearing for vehicle suspension,1,autopecas_3_12_14_37,55,ok
14.37,,"Lei 10.865/2004 art. 8º, § 9º-A — autopeças",Buscador NCM (página pública; conferir exceções TEC/LETEC/Ex-tarifário),TIPI oficial Receita Federal — atualizada ADE RFB nº 1/2026,"Lei 10.865/2004 art. 8º, § 9º-A — autopeças",18.0,3.25,87089100,8708.91.00,Fonte gratuita pública usada para alimentar a nova base local. PIS/COFINS usam regra geral quando a página não trouxer exceção específica; confirme exceções com contador. Regra majorada de autopeças aplicada por NCM explícito/conservador para importador não fabricante. Confirmar descrição/destinação nos Anexos I/II da Lei 10.485/2002 e eventual adicional de COFINS.,False,3.12,Radiator water tank cover 13502353,8,autopecas_3_12_14_37,150,ok
14.37,,"Lei 10.865/2004 art. 8º, § 9º-A — autopeças",Buscador NCM (página pública; conferir exceções TEC/LETEC/Ex-tarifário),TIPI oficial Receita Federal — atualizada ADE RFB nº 1/2026,"Lei 10.865/2004 art. 8º, § 9º-A — autopeças",12.6,2.6,87089411,8708.94.11,Fonte gratuita pública usada para alimentar a nova base local. PIS/COFINS usam regra geral quando a página não trouxer exceção específica; confirme exceções com contador. Regra majorada de autopeças aplicada por NCM explícito/conservador para importador não fabricante. Confirmar descrição/destinação nos Anexos I/II da Lei 10.485/2002 e eventual adicional de COFINS.,False,3.12,Buttons on the steering wheel to control the vehicle's sound,1,autopecas_3_12_14_37,363,ok
14.37,,"Lei 10.865/2004 art. 8º, § 9º-A — autopeças",Buscador NCM (página pública; conferir exceções TEC/LETEC/Ex-tarifário),TIPI oficial Receita Federal — atualizada ADE RFB nº 1/2026,"Lei 10.865/2004 art. 8º, § 9º-A — autopeças",18.0,3.25,87089490,8708.94.90,Fonte gratuita pública usada para alimentar a nova base local. PIS/COFINS usam regra geral quando a página não trouxer exceção específica; confirme exceções com contador. Regra majorada de autopeças aplicada por NCM explícito/conservador para importador não fabricante. Confirmar descrição/destinação nos Anexos I/II da Lei 10.485/2002 e eventual adicional de COFINS.,False,3.12,Vehicle Steering Column Repair Bushing,1,autopecas_3_12_14_37,49,ok
14.37,,"Lei 10.865/2004 art. 8º, § 9º-A — autopeças",Buscador NCM (página pública; conferir exceções TEC/LETEC/Ex-tarifário),TIPI oficial Receita Federal — atualizada ADE RFB nº 1/2026,"Lei 10.865/2004 art. 8º, § 9º-A — autopeças",18.0,3.25,87089990,8708.99.90,Fonte gratuita pública usada para alimentar a nova base local. PIS/COFINS usam regra geral quando a página não trouxer exceção específica; confirme exceções com contador. Regra majorada de autopeças aplicada por NCM explícito/conservador para importador não fabricante. Confirmar descrição/destinação nos Anexos I/II da Lei 10.485/2002 e eventual adicional de COFINS.,False,3.12,Front left door outside handle for vehicle,23,autopecas_3_12_14_37,198-2,ok
9.65,,Regra geral COFINS-Importação,Buscador NCM (página pública; conferir exceções TEC/LETEC/Ex-tarifário),TIPI oficial Receita Federal — atualizada ADE RFB nº 1/2026,Regra geral PIS-Importação,18.0,6.5,87120090,8712.00.90,"Fonte gratuita pública usada para alimentar a nova base local. PIS/COFINS usam regra geral quando a página não trouxer exceção específica; confirme exceções com contador. Regra geral; confirmar exceções legais por NCM, destinação e perfil do importador.",False,2.1,Bicycle Chainring 104 BCD 32-38T,37,geral_2_10_9_65,D104-32,ok
14.37,,"Lei 10.865/2004 art. 8º, § 9º-A — autopeças",Buscador NCM (página pública; conferir exceções TEC/LETEC/Ex-tarifário),TIPI oficial Receita Federal — atualizada ADE RFB nº 1/2026,"Lei 10.865/2004 art. 8º, § 9º-A — autopeças",0.0,6.5,87149910,8714.99.10,Fonte gratuita pública usada para alimentar a nova base local. PIS/COFINS usam regra geral quando a página não trouxer exceção específica; confirme exceções com contador. Regra majorada de autopeças aplicada por NCM explícito/conservador para importador não fabricante. Confirmar descrição/destinação nos Anexos I/II da Lei 10.485/2002 e eventual adicional de COFINS.,False,3.12,Vehicle Transmission Protection Mat,1,autopecas_3_12_14_37,472,ok
9.65,,Regra geral COFINS-Importação,Buscador NCM (página pública; conferir exceções TEC/LETEC/Ex-tarifário),TIPI oficial Receita Federal — atualizada ADE RFB nº 1/2026,Regra geral PIS-Importação,16.2,9.75,90172000,9017.20.00,"Fonte gratuita pública usada para alimentar a nova base local. PIS/COFINS usam regra geral quando a página não trouxer exceção específica; confirme exceções com contador. Regra geral; confirmar exceções legais por NCM, destinação e perfil do importador.",False,2.1,Digital laser level and square meter,1,geral_2_10_9_65,218,ok
9.65,,Regra geral COFINS-Importação,Buscador NCM (página pública; conferir exceções TEC/LETEC/Ex-tarifário),TIPI oficial Receita Federal — atualizada ADE RFB nº 1/2026,Regra geral PIS-Importação,14.0,5.2,90191000,9019.10.00,"Fonte gratuita pública usada para alimentar a nova base local. PIS/COFINS usam regra geral quando a página não trouxer exceção específica; confirme exceções com contador. Regra geral; confirmar exceções legais por NCM, destinação e perfil do importador.",False,2.1,Double U type vibrator,2,geral_2_10_9_65,127-17,ok
9.65,,Regra geral COFINS-Importação,Buscador NCM (página pública; conferir exceções TEC/LETEC/Ex-tarifário),TIPI oficial Receita Federal — atualizada ADE RFB nº 1/2026,Regra geral PIS-Importação,14.4,5.2,90200090,9020.00.90,"Fonte gratuita pública usada para alimentar a nova base local. PIS/COFINS usam regra geral quando a página não trouxer exceção específica; confirme exceções com contador. Regra geral; confirmar exceções legais por NCM, destinação e perfil do importador.",False,2.1,Anti-fog facial protective mask,1,geral_2_10_9_65,438,ok
9.65,,Regra geral COFINS-Importação,Buscador NCM (página pública; conferir exceções TEC/LETEC/Ex-tarifário),TIPI oficial Receita Federal — atualizada ADE RFB nº 1/2026,Regra geral PIS-Importação,18.0,0.0,90261029,9026.10.29,"Fonte gratuita pública usada para alimentar a nova base local. PIS/COFINS usam regra geral quando a página não trouxer exceção específica; confirme exceções com contador. Regra geral; confirmar exceções legais por NCM, destinação e perfil do importador.",False,2.1,Car fuel level sensor,2,geral_2_10_9_65,105,ok
14.37,,"Lei 10.865/2004 art. 8º, § 9º-A — autopeças",Buscador NCM (página pública; conferir exceções TEC/LETEC/Ex-tarifário),TIPI oficial Receita Federal — atualizada ADE RFB nº 1/2026,"Lei 10.865/2004 art. 8º, § 9º-A — autopeças",18.0,0.0,90262090,9026.20.90,Fonte gratuita pública usada para alimentar a nova base local. PIS/COFINS usam regra geral quando a página não trouxer exceção específica; confirme exceções com contador. Regra majorada de autopeças aplicada por NCM explícito/conservador para importador não fabricante. Confirmar descrição/destinação nos Anexos I/II da Lei 10.485/2002 e eventual adicional de COFINS.,False,3.12,Intake air pressure sensor MAP sensor,9,autopecas_3_12_14_37,139,ok
9.65,,Regra geral COFINS-Importação,Buscador NCM (página pública; conferir exceções TEC/LETEC/Ex-tarifário),TIPI oficial Receita Federal — atualizada ADE RFB nº 1/2026,Regra geral PIS-Importação,16.0,15.0,90269010,9026.90.10,"Fonte gratuita pública usada para alimentar a nova base local. PIS/COFINS usam regra geral quando a página não trouxer exceção específica; confirme exceções com contador. Regra geral; confirmar exceções legais por NCM, destinação e perfil do importador.",False,2.1,Vehicle fuel level sensor,6,geral_2_10_9_65,223,ok
9.65,,Regra geral COFINS-Importação,Buscador NCM (página pública; conferir exceções TEC/LETEC/Ex-tarifário),TIPI oficial Receita Federal — atualizada ADE RFB nº 1/2026,Regra geral PIS-Importação,16.0,9.75,90299010,9029.90.10,"Fonte gratuita pública usada para alimentar a nova base local. PIS/COFINS usam regra geral quando a página não trouxer exceção específica; confirme exceções com contador. Regra geral; confirmar exceções legais por NCM, destinação e perfil do importador.",False,2.1,Vehicle speed sensor with gear,1,geral_2_10_9_65,248,ok
9.65,,Regra geral COFINS-Importação,Buscador NCM (página pública; conferir exceções TEC/LETEC/Ex-tarifário),TIPI oficial Receita Federal — atualizada ADE RFB nº 1/2026,Regra geral PIS-Importação,14.0,3.25,90303910,9030.39.10,"Fonte gratuita pública usada para alimentar a nova base local. PIS/COFINS usam regra geral quando a página não trouxer exceção específica; confirme exceções com contador. Regra geral; confirmar exceções legais por NCM, destinação e perfil do importador.",False,2.1,Spark Plug Tester,1,geral_2_10_9_65,345,ok
9.65,,Regra geral COFINS-Importação,Buscador NCM (página pública; conferir exceções TEC/LETEC/Ex-tarifário),TIPI oficial Receita Federal — atualizada ADE RFB nº 1/2026,Regra geral PIS-Importação,18.0,9.75,90321090,9032.10.90,"Fonte gratuita pública usada para alimentar a nova base local. PIS/COFINS usam regra geral quando a página não trouxer exceção específica; confirme exceções com contador. Regra geral; confirmar exceções legais por NCM, destinação e perfil do importador.",False,2.1,Vehicle Throttle Position Sensor,1,geral_2_10_9_65,59,ok
14.37,,"Lei 10.865/2004 art. 8º, § 9º-A — autopeças",Buscador NCM (página pública; conferir exceções TEC/LETEC/Ex-tarifário),TIPI oficial Receita Federal — atualizada ADE RFB nº 1/2026,"Lei 10.865/2004 art. 8º, § 9º-A — autopeças",16.0,9.75,90328921,9032.89.21,Fonte gratuita pública usada para alimentar a nova base local. PIS/COFINS usam regra geral quando a página não trouxer exceção específica; confirme exceções com contador. Regra majorada de autopeças aplicada por NCM explícito/conservador para importador não fabricante. Confirmar descrição/destinação nos Anexos I/II da Lei 10.485/2002 e eventual adicional de COFINS.,False,3.12,Vehicle handbrake button,6,autopecas_3_12_14_37,231,ok
9.65,,Regra geral COFINS-Importação,Buscador NCM (página pública; conferir exceções TEC/LETEC/Ex-tarifário),TIPI oficial Receita Federal — atualizada ADE RFB nº 1/2026,Regra geral PIS-Importação,16.0,9.75,90328923,9032.89.23,"Fonte gratuita pública usada para alimentar a nova base local. PIS/COFINS usam regra geral quando a página não trouxer exceção específica; confirme exceções com contador. Regra geral; confirmar exceções legais por NCM, destinação e perfil do importador.",False,2.1,Automatic Transmission Speed Sensor for Vehicle,1,geral_2_10_9_65,37,ok
9.65,,Regra geral COFINS-Importação,Buscador NCM (página pública; conferir exceções TEC/LETEC/Ex-tarifário),TIPI oficial Receita Federal — atualizada ADE RFB nº 1/2026,Regra geral PIS-Importação,16.0,9.75,90328925,9032.89.25,"Fonte gratuita pública usada para alimentar a nova base local. PIS/COFINS usam regra geral quando a página não trouxer exceção específica; confirme exceções com contador. Regra geral; confirmar exceções legais por NCM, destinação e perfil do importador.",False,2.1,Automotive ignition knock sensor,1,geral_2_10_9_65,15-1,ok
9.65,,Regra geral COFINS-Importação,Buscador NCM (página pública; conferir exceções TEC/LETEC/Ex-tarifário),TIPI oficial Receita Federal — atualizada ADE RFB nº 1/2026,Regra geral PIS-Importação,14.0,9.75,90328981,9032.89.81,"Fonte gratuita pública usada para alimentar a nova base local. PIS/COFINS usam regra geral quando a página não trouxer exceção específica; confirme exceções com contador. Regra geral; confirmar exceções legais por NCM, destinação e perfil do importador.",False,2.1,Fuel Pressure Sensor 0281002937,5,geral_2_10_9_65,158,ok
9.65,,Regra geral COFINS-Importação,Buscador NCM (página pública; conferir exceções TEC/LETEC/Ex-tarifário),TIPI oficial Receita Federal — atualizada ADE RFB nº 1/2026,Regra geral PIS-Importação,12.6,9.75,90328982,9032.89.82,"Fonte gratuita pública usada para alimentar a nova base local. PIS/COFINS usam regra geral quando a página não trouxer exceção específica; confirme exceções com contador. Regra geral; confirmar exceções legais por NCM, destinação e perfil do importador.",False,2.1,Vehicle air conditioning temperature sensor,1,geral_2_10_9_65,274,ok
9.65,,Regra geral COFINS-Importação,Buscador NCM (página pública; conferir exceções TEC/LETEC/Ex-tarifário),TIPI oficial Receita Federal — atualizada ADE RFB nº 1/2026,Regra geral PIS-Importação,12.6,9.75,90328983,9032.89.83,"Fonte gratuita pública usada para alimentar a nova base local. PIS/COFINS usam regra geral quando a página não trouxer exceção específica; confirme exceções com contador. Regra geral; confirmar exceções legais por NCM, destinação e perfil do importador.",False,2.1,WIFI temperature and humidity sensor,1,geral_2_10_9_65,407,ok
9.65,,Regra geral COFINS-Importação,Buscador NCM (página pública; conferir exceções TEC/LETEC/Ex-tarifário),TIPI oficial Receita Federal — atualizada ADE RFB nº 1/2026,Regra geral PIS-Importação,18.0,13.0,95069900,9506.99.00,"Fonte gratuita pública usada para alimentar a nova base local. PIS/COFINS usam regra geral quando a página não trouxer exceção específica; confirme exceções com contador. Regra geral; confirmar exceções legais por NCM, destinação e perfil do importador.",False,2.1,,1,geral_2_10_9_65,350-1,ok
9.65,,Regra geral COFINS-Importação,Buscador NCM (página pública; conferir exceções TEC/LETEC/Ex-tarifário),TIPI oficial Receita Federal — atualizada ADE RFB nº 1/2026,Regra geral PIS-Importação,16.2,0.0,96040000,9604.00.00,"Fonte gratuita pública usada para alimentar a nova base local. PIS/COFINS usam regra geral quando a página não trouxer exceção específica; confirme exceções com contador. Regra geral; confirmar exceções legais por NCM, destinação e perfil do importador.",False,2.1,Vehicle Engine Balancer Shaft Sieve Filter,3,geral_2_10_9_65,272,ok
9.65,,Regra geral COFINS-Importação,Buscador NCM (página pública; conferir exceções TEC/LETEC/Ex-tarifário),TIPI oficial Receita Federal — atualizada ADE RFB nº 1/2026,Regra geral PIS-Importação,16.2,13.0,96082000,9608.20.00,"Fonte gratuita pública usada para alimentar a nova base local. PIS/COFINS usam regra geral quando a página não trouxer exceção específica; confirme exceções com contador. Regra geral; confirmar exceções legais por NCM, destinação e perfil do importador.",False,2.1,Palm Rejection Stylus Pen for Tablet,1,geral_2_10_9_65,358,ok
