loja_sync,sku,produto,custo,preco,imposto,updated_at
JK Peças,417-2,,4.15,,20.00,27/05/2026 08:39
JK Peças,521,,21.76,,20.00,27/05/2026 08:39
JK Peças,520-3,,60.51,,20.00,27/05/2026 08:39
JK Peças,520-2,,60.51,,20.00,27/05/2026 08:39
JK Peças,520-1,,60.51,,20.00,27/05/2026 08:39
JK Peças,519,,29.64,,20.00,27/05/2026 08:39
JK Peças,518-2,,11.74,,20.00,27/05/2026 08:39
JK Peças,518-1,,11.74,,20.00,27/05/2026 08:39
JK Peças,518-K,,23.47,,20.00,27/05/2026 08:39
JK Peças,517-2,,17.27,,20.00,27/05/2026 08:39
JK Peças,517-1,,17.27,,20.00,27/05/2026 08:39
JK Peças,517-K,,34.53,,20.00,27/05/2026 08:39
JK Peças,516-2,,21.95,,20.00,27/05/2026 08:39
JK Peças,516-1,,21.95,,20.00,27/05/2026 08:39
JK Peças,516-K,,43.90,,20.00,27/05/2026 08:39
JK Peças,514,,46.99,,20.00,27/05/2026 08:39
JK Peças,513-2,,40.08,,20.00,27/05/2026 08:39
JK Peças,513-1,,40.08,,20.00,27/05/2026 08:39
JK Peças,513-K,,80.15,,20.00,27/05/2026 08:39
JK Peças,512-2,,41.74,,20.00,27/05/2026 08:39
JK Peças,512-1,,41.74,,20.00,27/05/2026 08:39
JK Peças,512-K,,83.47,,20.00,27/05/2026 08:39
JK Peças,511,,12.14,,20.00,27/05/2026 08:39
JK Peças,515,,17.74,,20.00,27/05/2026 08:39
JK Peças,D104-32,,23.89,,20.00,27/05/2026 08:39
JK Peças,D104-34,,23.89,,20.00,27/05/2026 08:39
JK Peças,D104-36,,23.89,,20.00,27/05/2026 08:39
JK Peças,D104-38,,23.89,,20.00,27/05/2026 08:39
JK Peças,D104-32-O,,26.63,,20.00,27/05/2026 08:39
JK Peças,D104-34-O,,26.63,,20.00,27/05/2026 08:39
JK Peças,D104-36-O,,26.63,,20.00,27/05/2026 08:39
JK Peças,D104-38-O,,26.63,,20.00,27/05/2026 08:39
JK Peças,D9496-32,,26.42,,20.00,27/05/2026 08:39
JK Peças,D9496-34,,26.42,,20.00,27/05/2026 08:39
JK Peças,D9496-36,,26.42,,20.00,27/05/2026 08:39
JK Peças,D9496-38,,26.42,,20.00,27/05/2026 08:39
JK Peças,D9496-32-O,,27.53,,20.00,27/05/2026 08:39
JK Peças,D9496-34-O,,27.53,,20.00,27/05/2026 08:39
JK Peças,D9496-36-O,,27.53,,20.00,27/05/2026 08:39
JK Peças,D9496-38-O,,27.53,,20.00,27/05/2026 08:39
JK Peças,DSRAM-30,,50.35,,20.00,27/05/2026 08:39
JK Peças,DSRAM-32,,50.35,,20.00,27/05/2026 08:39
JK Peças,DSRAM-34,,50.35,,20.00,27/05/2026 08:39
JK Peças,DSRAM-36,,56.95,,20.00,27/05/2026 08:39
JK Peças,DSRAM-38,,56.95,,20.00,27/05/2026 08:39
JK Peças,DSHI-30,,59.80,,20.00,27/05/2026 08:39
JK Peças,DSHI-32,,59.50,,20.00,27/05/2026 08:39
JK Peças,DSHI-34,,56.78,,20.00,27/05/2026 08:39
JK Peças,DSHI-36,,58.69,,20.00,27/05/2026 08:39
JK Peças,DSHI-38,,58.69,,20.00,27/05/2026 08:39
JK Peças,DGC-BB,,24.01,,20.00,27/05/2026 08:39
JK Peças,DGC-03,,24.01,,20.00,27/05/2026 08:39
JK Peças,DGC-05,,24.01,,20.00,27/05/2026 08:39
JK Peças,D96A-32,,27.74,,20.00,27/05/2026 08:39
JK Peças,D96A-34,,27.74,,20.00,27/05/2026 08:39
JK Peças,D96A-36,,27.74,,20.00,27/05/2026 08:39
JK Peças,D96A-38,,27.74,,20.00,27/05/2026 08:39
JK Peças,D96A-38-O,,27.53,,20.00,27/05/2026 08:39
JK Peças,D96A-36-O,,27.53,,20.00,27/05/2026 08:39
JK Peças,D96A-34-O,,27.53,,20.00,27/05/2026 08:39
JK Peças,D96A-32-O,,27.53,,20.00,27/05/2026 08:39
JK Peças,506,,61.89,,20.00,27/05/2026 08:39
JK Peças,507,,46.52,,20.00,27/05/2026 08:39
JK Peças,336,,0.01,,24.00,27/05/2026 08:39
JK Peças,309.1,,153.13,,24.00,27/05/2026 08:39
JK Peças,44-K6,,112.32,,24.00,27/05/2026 08:39
JK Peças,44-K,,37.44,,24.00,27/05/2026 08:39
JK Peças,44,,18.72,,24.00,27/05/2026 08:39
JK Peças,44-K4,,74.88,,24.00,27/05/2026 08:39
JK Peças,434,,0.00,,0.00,27/05/2026 08:39
JK Peças,284,,0.00,,0.00,27/05/2026 08:39
JK Peças,CADE,,0.00,,0.00,27/05/2026 08:39
JK Peças,167-2K,,6.02,,20.00,27/05/2026 08:39
JK Peças,167-1K,,6.02,,20.00,27/05/2026 08:39
JK Peças,167-2,,3.01,,20.00,27/05/2026 08:39
JK Peças,167-1,,3.01,,20.00,27/05/2026 08:39
JK Peças,322-96A-32-O,,27.53,,20.00,27/05/2026 08:39
JK Peças,322-96A-34-O,,27.53,,20.00,27/05/2026 08:39
JK Peças,322-96A-36-O,,27.53,,20.00,27/05/2026 08:39
JK Peças,322-96A-38-O,,27.53,,20.00,27/05/2026 08:39
JK Peças,322-96A-38,,27.74,,20.00,27/05/2026 08:39
JK Peças,322-96A-36,,27.74,,20.00,27/05/2026 08:39
JK Peças,322-96A-34,,27.74,,20.00,27/05/2026 08:39
JK Peças,322-96A-32,,27.74,,20.00,27/05/2026 08:39
JK Peças,444-K2-1,,21.71,,24.00,27/05/2026 08:39
JK Peças,308-1,,37.12,,24.00,27/05/2026 08:39
JK Peças,T417,,4.03,,24.00,27/05/2026 08:39
JK Peças,322-GC-05,,24.01,,20.00,27/05/2026 08:39
JK Peças,322-GC-03,,24.01,,20.00,27/05/2026 08:39
JK Peças,322-GC-BB,,24.01,,20.00,27/05/2026 08:39
JK Peças,322-SHI-38,,58.69,,20.00,27/05/2026 08:39
JK Peças,322-SHI-36,,58.69,,20.00,27/05/2026 08:39
JK Peças,322-SHI-34,,56.78,,20.00,27/05/2026 08:39
JK Peças,322-SHI-32,,59.50,,20.00,27/05/2026 08:39
JK Peças,322-SHI-30,,59.80,,20.00,27/05/2026 08:39
JK Peças,322-SRAM-38,,56.95,,20.00,27/05/2026 08:39
JK Peças,322-SRAM-36,,56.95,,20.00,27/05/2026 08:39
JK Peças,322-SRAM-34,,50.35,,20.00,27/05/2026 08:39
JK Peças,322-SRAM-32,,50.35,,20.00,27/05/2026 08:39
JK Peças,322-SRAM-30,,50.35,,20.00,27/05/2026 08:39
JK Peças,322-94/96-38-O,,27.53,,20.00,27/05/2026 08:39
JK Peças,322-94/96-36-O,,27.53,,20.00,27/05/2026 08:39
JK Peças,322-94/96-34-O,,27.53,,20.00,27/05/2026 08:39
JK Peças,322-94/96-32-O,,27.53,,20.00,27/05/2026 08:39
JK Peças,322-94/96-38,,26.42,,20.00,27/05/2026 08:39
JK Peças,322-94/96-36,,26.42,,20.00,27/05/2026 08:39
JK Peças,322-94/96-34,,26.42,,20.00,27/05/2026 08:39
JK Peças,322-94/96-32,,26.42,,20.00,27/05/2026 08:39
JK Peças,322-104-38-O,,26.63,,20.00,27/05/2026 08:39
JK Peças,322-104-36-O,,26.63,,20.00,27/05/2026 08:39
JK Peças,322-104-34-O,,26.63,,20.00,27/05/2026 08:39
JK Peças,322-104-32-O,,26.63,,20.00,27/05/2026 08:39
JK Peças,322-104-38,,23.89,,20.00,27/05/2026 08:39
JK Peças,322-104-36,,23.89,,20.00,27/05/2026 08:39
JK Peças,322-104-34,,23.89,,20.00,27/05/2026 08:39
JK Peças,322-104-32,,23.89,,20.00,27/05/2026 08:39
JK Peças,21,,11.24,,24.00,27/05/2026 08:39
JK Peças,188,,0.00,,0.00,27/05/2026 08:39
JK Peças,331-1-k,,17.00,,24.00,27/05/2026 08:39
JK Peças,331-1,,8.50,,24.00,27/05/2026 08:39
JK Peças,307-2,,22.20,,24.00,27/05/2026 08:39
JK Peças,307-1,,120.80,,24.00,27/05/2026 08:39
JK Peças,307-K,,143.00,,24.00,27/05/2026 08:39
JK Peças,373,,226.49,,24.00,27/05/2026 08:39
JK Peças,157-K4,,79.85,,24.00,27/05/2026 08:39
JK Peças,157,,0.00,,0.00,27/05/2026 08:39
JK Peças,473,,29.70,,24.00,27/05/2026 08:39
JK Peças,427-1,,0.00,,0.00,27/05/2026 08:39
JK Peças,239-,,0.00,,0.00,27/05/2026 08:39
JK Peças,25-1,,0.00,,0.00,27/05/2026 08:39
JK Peças,227-275-5,,0.00,,0.00,27/05/2026 08:39
JK Peças,2274-1,,0.00,,0.00,27/05/2026 08:39
JK Peças,"008,",,0.00,,0.00,27/05/2026 08:39
JK Peças,98-1,,0.00,,0.00,27/05/2026 08:39
JK Peças,422-K,,18.38,,24.00,27/05/2026 08:39
JK Peças,257-1,,0.00,,0.00,27/05/2026 08:39
JK Peças,393-2,,5.30,,24.00,27/05/2026 08:39
JK Peças,"393-2,",,0.00,,0.00,27/05/2026 08:39
JK Peças,394-2,,6.59,,0.00,27/05/2026 08:39
JK Peças,458-4,,0.00,,0.00,27/05/2026 08:39
JK Peças,4-2,,0.00,,0.00,27/05/2026 08:39
JK Peças,412-9,,149.46,,24.00,27/05/2026 08:39
JK Peças,412-8,,149.46,,24.00,27/05/2026 08:39
JK Peças,412-7,,149.46,,24.00,27/05/2026 08:39
JK Peças,458-K3,,242.54,,24.00,27/05/2026 08:39
JK Peças,458-3,,24.01,,24.00,27/05/2026 08:39
JK Peças,194-K,,10.92,,24.00,27/05/2026 08:39
JK Peças,31966,,0.00,,0.00,27/05/2026 08:39
JK Peças,102,,0.00,,0.00,27/05/2026 08:39
JK Peças,9966,,0.00,,0.00,27/05/2026 08:39
JK Peças,19,,0.00,,0.00,27/05/2026 08:39
JK Peças,298-K,,6.21,,24.00,27/05/2026 08:39
JK Peças,297-K,,5.93,,24.00,27/05/2026 08:39
JK Peças,420,,0.00,,0.00,27/05/2026 08:39
JK Peças,350-1,,0.00,,24.00,27/05/2026 08:39
JK Peças,127-17,,81.12,,24.00,27/05/2026 08:39
JK Peças,127-9,,81.12,,24.00,27/05/2026 08:39
JK Peças,332,,7.43,,24.00,27/05/2026 08:39
JK Peças,289,,256.06,,24.00,27/05/2026 08:39
JK Peças,306-2-K,,12.46,,24.00,27/05/2026 08:39
JK Peças,332-K,,14.86,,24.00,27/05/2026 08:39
JK Peças,464-K10,,146.80,,24.00,27/05/2026 08:39
JK Peças,464-K5,,73.40,,24.00,27/05/2026 08:39
JK Peças,464-K3,,44.04,,24.00,27/05/2026 08:39
JK Peças,464-K,,29.36,,24.00,27/05/2026 08:39
JK Peças,94-2,,92.45,,24.00,27/05/2026 08:39
JK Peças,152,,26.23,,24.00,27/05/2026 08:39
JK Peças,444-K3-2,,44.71,,24.00,27/05/2026 08:39
JK Peças,444-K3-1,,44.34,,24.00,27/05/2026 08:39
JK Peças,444-2-K,,25.46,,24.00,27/05/2026 08:39
JK Peças,444-1-K,,25.09,,24.00,27/05/2026 08:39
JK Peças,280-K,,39.70,,24.00,27/05/2026 08:39
JK Peças,444-K3,,35.01,,24.00,27/05/2026 08:39
JK Peças,375-2,,45.13,,24.00,27/05/2026 08:39
JK Peças,375-1,,45.07,,24.00,27/05/2026 08:39
JK Peças,446,,234.07,,20.00,27/05/2026 08:39
JK Peças,236,,43.23,,24.00,27/05/2026 08:39
JK Peças,252-1,,12.96,,24.00,27/05/2026 08:39
JK Peças,250-2,,24.55,,24.00,27/05/2026 08:39
JK Peças,250-1,,24.55,,24.00,27/05/2026 08:39
JK Peças,250-K,,49.11,,24.00,27/05/2026 08:39
JK Peças,321-k,,29.05,,24.00,27/05/2026 08:39
JK Peças,244,,21.36,,24.00,27/05/2026 08:39
JK Peças,443,,211.27,,24.00,27/05/2026 08:39
JK Peças,238-1,,23.99,,24.00,27/05/2026 08:39
JK Peças,238-k,,47.98,,24.00,27/05/2026 08:39
JK Peças,459,,13.60,,24.00,27/05/2026 08:39
JK Peças,461,,11.32,,24.00,27/05/2026 08:39
JK Peças,464,,14.68,,24.00,27/05/2026 08:39
JK Peças,460,,22.75,,24.00,27/05/2026 08:39
JK Peças,458-2,,140.93,,24.00,27/05/2026 08:39
JK Peças,187,,65.44,,24.00,27/05/2026 08:39
JK Peças,355,,65.30,,24.00,27/05/2026 08:39
JK Peças,331,,8.50,,24.00,27/05/2026 08:39
JK Peças,331-K,,16.99,,24.00,27/05/2026 08:39
JK Peças,252-K,,25.92,,24.00,27/05/2026 08:39
JK Peças,456,,121.44,,24.00,27/05/2026 08:39
JK Peças,393-1,,5.39,,24.00,27/05/2026 08:39
JK Peças,394-1,,6.31,,24.00,27/05/2026 08:39
JK Peças,453,,10.41,,24.00,27/05/2026 08:39
JK Peças,367,,82.23,,20.00,27/05/2026 08:39
JK Peças,307,,143.00,,24.00,27/05/2026 08:39
JK Peças,441,,69.18,,20.00,27/05/2026 08:39
JK Peças,438,,15.14,,24.00,27/05/2026 08:39
JK Peças,208,,81.62,,24.00,27/05/2026 08:39
JK Peças,439,,344.19,,24.00,27/05/2026 08:39
JK Peças,429,,22.84,,24.00,27/05/2026 08:39
JK Peças,281,,11.22,,24.00,27/05/2026 08:39
JK Peças,272-K4,,26.90,,24.00,27/05/2026 08:39
JK Peças,272,,6.74,,24.00,27/05/2026 08:39
JK Peças,440,,55.11,,24.00,27/05/2026 08:39
JK Peças,94-1,,92.45,,24.00,27/05/2026 08:39
JK Peças,151-K6,,117.50,,24.00,27/05/2026 08:39
JK Peças,435-1,,52.07,,24.00,27/05/2026 08:39
JK Peças,458-1,,80.19,,24.00,27/05/2026 08:39
JK Peças,449-2,,72.86,,24.00,27/05/2026 08:39
JK Peças,449-1,,72.86,,24.00,27/05/2026 08:39
JK Peças,451,,421.64,,24.00,27/05/2026 08:39
JK Peças,458-K,,220.44,,24.00,27/05/2026 08:39
JK Peças,449-K,,145.72,,24.00,27/05/2026 08:39
JK Peças,448,,71.63,,20.00,27/05/2026 08:39
JK Peças,451-2,,238.19,,20.00,27/05/2026 08:39
JK Peças,451-1,,238.19,,20.00,27/05/2026 08:39
JK Peças,451-K,,476.38,,20.00,27/05/2026 08:39
JK Peças,160-K,,74.36,,24.00,27/05/2026 08:39
JK Peças,160,,37.01,,24.00,27/05/2026 08:39
JK Peças,452,,39.02,,24.00,27/05/2026 08:39
JK Peças,450,,248.00,,20.00,27/05/2026 08:39
JK Peças,457-1,,204.86,,24.00,27/05/2026 08:39
JK Peças,457-2,,224.36,,24.00,27/05/2026 08:39
JK Peças,154,,37.12,,24.00,27/05/2026 08:39
JK Peças,220,,20.64,,24.00,27/05/2026 08:39
JK Peças,445,,21.28,,24.00,27/05/2026 08:39
JK Peças,287,,155.55,,24.00,27/05/2026 08:39
JK Peças,52-1,,130.46,,24.00,27/05/2026 08:39
JK Peças,239-K,,68.32,,24.00,27/05/2026 08:39
JK Peças,238-2,,23.99,,24.00,27/05/2026 08:39
JK Peças,379-3,,16.20,,24.00,27/05/2026 08:39
JK Peças,379-5,,16.20,,24.00,27/05/2026 08:39
JK Peças,379-4,,4.05,,24.00,27/05/2026 08:39
JK Peças,349,,72.35,,24.00,27/05/2026 08:39
JK Peças,232-6,,79.71,,24.00,27/05/2026 08:39
JK Peças,454,,59.81,,24.00,27/05/2026 08:39
JK Peças,275-5,,42.69,,20.00,27/05/2026 08:39
JK Peças,428-2,,11.59,,24.00,27/05/2026 08:39
JK Peças,347,,56.59,,24.00,27/05/2026 08:39
JK Peças,374-K,,99.30,,24.00,27/05/2026 08:39
JK Peças,374-2,,20.52,,24.00,27/05/2026 08:39
JK Peças,374-1,,20.52,,24.00,27/05/2026 08:39
JK Peças,372,,32.03,,24.00,27/05/2026 08:39
JK Peças,371,,24.00,,24.00,27/05/2026 08:39
JK Peças,362,,131.56,,24.00,27/05/2026 08:39
JK Peças,357,,12.66,,24.00,27/05/2026 08:39
JK Peças,23,,99.49,,24.00,27/05/2026 08:39
JK Peças,275-19,,41.92,,20.00,27/05/2026 08:39
JK Peças,218,,33.47,,24.00,27/05/2026 08:39
JK Peças,80,,78.35,,24.00,27/05/2026 08:39
JK Peças,55,,148.85,,24.00,27/05/2026 08:39
JK Peças,150,,10.50,,20.00,27/05/2026 08:39
JK Peças,345,,60.13,,24.00,27/05/2026 08:39
JK Peças,303,,39.39,,24.00,27/05/2026 08:39
JK Peças,377-4K,,73.68,,24.00,27/05/2026 08:39
JK Peças,333-K,,14.86,,24.00,27/05/2026 08:39
JK Peças,333,,7.43,,24.00,27/05/2026 08:39
JK Peças,294,,116.48,,24.00,27/05/2026 08:39
JK Peças,399,,372.50,,24.00,27/05/2026 08:39
JK Peças,412-6,,149.46,,24.00,27/05/2026 08:39
JK Peças,412-5,,149.46,,24.00,27/05/2026 08:39
JK Peças,227-2,,21.96,,24.00,27/05/2026 08:39
JK Peças,346,,10.42,,24.00,27/05/2026 08:39
JK Peças,436-4,,3.92,,24.00,27/05/2026 08:39
JK Peças,436-3,,3.92,,24.00,27/05/2026 08:39
JK Peças,436-2,,2.80,,24.00,27/05/2026 08:39
JK Peças,436-1,,2.80,,24.00,27/05/2026 08:39
JK Peças,436,,2.80,,24.00,27/05/2026 08:39
JK Peças,415,,61.50,,24.00,27/05/2026 08:39
JK Peças,412,,149.46,,24.00,27/05/2026 08:39
JK Peças,408,,41.33,,24.00,27/05/2026 08:39
JK Peças,222-2,,37.26,,24.00,27/05/2026 08:39
JK Peças,147,,25.23,,24.00,27/05/2026 08:39
JK Peças,33,,14.61,,24.00,27/05/2026 08:39
JK Peças,18,,225.57,,24.00,27/05/2026 08:39
JK Peças,129-3,,141.18,,24.00,27/05/2026 08:39
JK Peças,66,,108.04,,24.00,27/05/2026 08:39
JK Peças,292,,73.98,,24.00,27/05/2026 08:39
JK Peças,377-4-K,,81.68,,24.00,27/05/2026 08:39
JK Peças,228,,5.30,,24.00,27/05/2026 08:39
JK Peças,254-3,,290.62,,24.00,27/05/2026 08:39
JK Peças,285,,64.51,,24.00,27/05/2026 08:39
JK Peças,222-K,,74.45,,24.00,27/05/2026 08:39
JK Peças,220-K6,,123.84,,24.00,27/05/2026 08:39
JK Peças,306-10-K,,12.46,,24.00,27/05/2026 08:39
JK Peças,272-K8,,53.92,,24.00,27/05/2026 08:39
JK Peças,198-1,,59.52,,24.00,27/05/2026 08:39
JK Peças,376,,88.81,,24.00,27/05/2026 08:39
JK Peças,231-1,,40.28,,24.00,27/05/2026 08:39
JK Peças,351,,199.48,,24.00,27/05/2026 08:39
JK Peças,377-2,,40.38,,24.00,27/05/2026 08:39
JK Peças,203,,211.09,,24.00,27/05/2026 08:39
JK Peças,60-K4,,9.72,,24.00,27/05/2026 08:39
JK Peças,365,,46.20,,24.00,27/05/2026 08:39
JK Peças,152-K6,,157.38,,24.00,27/05/2026 08:39
JK Peças,367-K,,147.70,,20.00,27/05/2026 08:39
JK Peças,379-1,,8.10,,24.00,27/05/2026 08:39
JK Peças,210,,12.76,,24.00,27/05/2026 08:39
JK Peças,137,,83.40,,24.00,27/05/2026 08:39
JK Peças,433-1,,27.67,,24.00,27/05/2026 08:39
JK Peças,219-K4,,59.24,,24.00,27/05/2026 08:39
JK Peças,71,,17.21,,24.00,27/05/2026 08:39
JK Peças,47,,25.36,,24.00,27/05/2026 08:39
JK Peças,251,,8.71,,24.00,27/05/2026 08:39
JK Peças,264,,35.70,,24.00,27/05/2026 08:39
JK Peças,363,,80.62,,24.00,27/05/2026 08:39
JK Peças,194,,10.92,,24.00,27/05/2026 08:39
JK Peças,199,,78.30,,24.00,27/05/2026 08:39
JK Peças,379-2,,8.10,,24.00,27/05/2026 08:39
JK Peças,252-2,,12.96,,24.00,27/05/2026 08:39
JK Peças,430,,76.54,,20.00,27/05/2026 08:39
JK Peças,221,,19.05,,20.00,27/05/2026 08:39
JK Peças,126,,148.45,,24.00,27/05/2026 08:39
JK Peças,246,,32.73,,24.00,27/05/2026 08:39
JK Peças,391,,79.74,,24.00,27/05/2026 08:39
JK Peças,352,,49.17,,24.00,27/05/2026 08:39
JK Peças,49,,2.31,,24.00,27/05/2026 08:39
JK Peças,425-2,,68.47,,20.00,27/05/2026 08:39
JK Peças,234,,38.44,,24.00,27/05/2026 08:39
JK Peças,190,,58.62,,24.00,27/05/2026 08:39
JK Peças,297,,8.54,,24.00,27/05/2026 08:39
JK Peças,377-4,,39.75,,24.00,27/05/2026 08:39
JK Peças,002,,35.67,,24.00,27/05/2026 08:39
JK Peças,192,,34.65,,24.00,27/05/2026 08:39
JK Peças,198-2,,60.52,,24.00,27/05/2026 08:39
JK Peças,327,,27.92,,20.00,27/05/2026 08:39
JK Peças,198-3,,44.67,,24.00,27/05/2026 08:39
JK Peças,314-K,,21.98,,24.00,27/05/2026 08:39
JK Peças,381,,143.97,,24.00,27/05/2026 08:39
JK Peças,277,,33.88,,24.00,27/05/2026 08:39
JK Peças,200,,112.48,,24.00,27/05/2026 08:39
JK Peças,315-K,,16.40,,24.00,27/05/2026 08:39
JK Peças,61,,22.46,,24.00,27/05/2026 08:39
JK Peças,268,,60.71,,24.00,27/05/2026 08:39
JK Peças,120,,11.01,,20.00,27/05/2026 08:39
JK Peças,279,,91.90,,24.00,27/05/2026 08:39
JK Peças,312,,36.75,,24.00,27/05/2026 08:39
JK Peças,358,,22.72,,24.00,27/05/2026 08:39
JK Peças,258,,138.72,,24.00,27/05/2026 08:39
JK Peças,219-K6,,60.36,,24.00,27/05/2026 08:39
JK Peças,155,,89.50,,20.00,27/05/2026 08:39
JK Peças,134,,50.97,,24.00,27/05/2026 08:39
JK Peças,12,,37.12,,24.00,27/05/2026 08:39
JK Peças,225,,30.28,,24.00,27/05/2026 08:39
JK Peças,360,,26.40,,20.00,27/05/2026 08:39
JK Peças,401,,189.17,,24.00,27/05/2026 08:39
JK Peças,411,,26.65,,20.00,27/05/2026 08:39
JK Peças,313,,22.27,,24.00,27/05/2026 08:39
JK Peças,257,,40.32,,24.00,27/05/2026 08:39
JK Peças,273,,42.63,,24.00,27/05/2026 08:39
JK Peças,278,,96.24,,24.00,27/05/2026 08:39
JK Peças,15-1,,32.16,,24.00,27/05/2026 08:39
JK Peças,231,,41.70,,20.00,27/05/2026 08:39
JK Peças,326,,102.64,,24.00,27/05/2026 08:39
JK Peças,274,,11.59,,24.00,27/05/2026 08:39
JK Peças,342,,31.56,,24.00,27/05/2026 08:39
JK Peças,316,,16.29,,24.00,27/05/2026 08:39
JK Peças,147-k4,,100.92,,24.00,27/05/2026 08:39
JK Peças,241-1,,105.07,,20.00,27/05/2026 08:39
JK Peças,337,,44.49,,24.00,27/05/2026 08:39
JK Peças,008,,12.42,,24.00,27/05/2026 08:39
JK Peças,005,,54.77,,24.00,27/05/2026 08:39
JK Peças,001,,12.07,,24.00,27/05/2026 08:39
JK Peças,16,,5.04,,24.00,27/05/2026 08:39
JK Peças,35,,12.61,,24.00,27/05/2026 08:39
JK Peças,318,,38.13,,20.00,27/05/2026 08:39
JK Peças,4-1,,25.78,,24.00,27/05/2026 08:39
JK Peças,20,,45.38,,24.00,27/05/2026 08:39
JK Peças,198-4,,45.35,,24.00,27/05/2026 08:39
JK Peças,308,,37.12,,24.00,27/05/2026 08:39
JK Peças,107-1,,28.43,,24.00,27/05/2026 08:39
JK Peças,62,,36.93,,24.00,27/05/2026 08:39
JK Peças,380,,80.19,,20.00,27/05/2026 08:39
JK Peças,368,,90.78,,24.00,27/05/2026 08:39
JK Peças,32-K,,199.27,,24.00,27/05/2026 08:39
JK Peças,37,,23.98,,24.00,27/05/2026 08:39
JK Peças,59,,21.56,,24.00,27/05/2026 08:39
JK Peças,99,,18.16,,24.00,27/05/2026 08:39
JK Peças,107,,29.60,,24.00,27/05/2026 08:39
JK Peças,115,,14.84,,20.00,27/05/2026 08:39
JK Peças,99-1,,17.99,,24.00,27/05/2026 08:39
JK Peças,27-K,,25.58,,24.00,27/05/2026 08:39
JK Peças,27-2,,11.70,,24.00,27/05/2026 08:39
JK Peças,27-1,,12.79,,24.00,27/05/2026 08:39
JK Peças,116,,16.43,,20.00,27/05/2026 08:39
JK Peças,124,,17.16,,24.00,27/05/2026 08:39
JK Peças,124-1,,11.80,,24.00,27/05/2026 08:39
JK Peças,167-K,,6.02,,20.00,27/05/2026 08:39
JK Peças,167,,3.01,,20.00,27/05/2026 08:39
JK Peças,100,,11.08,,24.00,27/05/2026 08:39
JK Peças,176,,60.21,,24.00,27/05/2026 08:39
JK Peças,181,,40.78,,24.00,27/05/2026 08:39
JK Peças,189-K,,45.95,,24.00,27/05/2026 08:39
JK Peças,189-2,,22.97,,24.00,27/05/2026 08:39
JK Peças,189-1,,22.97,,24.00,27/05/2026 08:39
JK Peças,223,,43.82,,24.00,27/05/2026 08:39
JK Peças,79,,28.39,,24.00,27/05/2026 08:39
JK Peças,78,,28.80,,24.00,27/05/2026 08:39
JK Peças,245,,38.12,,24.00,27/05/2026 08:39
JK Peças,254-1,,201.39,,20.00,27/05/2026 08:39
JK Peças,286,,30.30,,20.00,27/05/2026 08:39
JK Peças,344-K,,267.18,,24.00,27/05/2026 08:39
JK Peças,344,,131.78,,24.00,27/05/2026 08:39
JK Peças,354,,44.16,,24.00,27/05/2026 08:39
JK Peças,382,,34.33,,20.00,27/05/2026 08:39
JK Peças,384,,116.99,,24.00,27/05/2026 08:39
JK Peças,299-2,,29.35,,24.00,27/05/2026 08:39
JK Peças,392-K,,80.99,,24.00,27/05/2026 08:39
JK Peças,392-2,,40.50,,24.00,27/05/2026 08:39
JK Peças,392-1,,40.50,,24.00,27/05/2026 08:39
JK Peças,170-K4,,66.92,,24.00,27/05/2026 08:39
JK Peças,396,,8.27,,24.00,27/05/2026 08:39
JK Peças,19-1,,26.12,,24.00,27/05/2026 08:39
JK Peças,397,,9.54,,24.00,27/05/2026 08:39
JK Peças,410,,22.04,,20.00,27/05/2026 08:39
JK Peças,412-4,,149.46,,24.00,27/05/2026 08:39
JK Peças,412-3,,149.46,,24.00,27/05/2026 08:39
JK Peças,412-2,,149.46,,24.00,27/05/2026 08:39
JK Peças,412-1,,149.46,,24.00,27/05/2026 08:39
JK Peças,353,,52.41,,24.00,27/05/2026 08:39
JK Peças,416,,65.32,,24.00,27/05/2026 08:39
JK Peças,256,,18.83,,24.00,27/05/2026 08:39
JK Peças,320,,42.34,,24.00,27/05/2026 08:39
JK Peças,46,,24.20,,20.00,27/05/2026 08:39
JK Peças,195-K,,38.08,,24.00,27/05/2026 08:39
JK Peças,425-1,,69.96,,20.00,27/05/2026 08:39
JK Peças,195,,19.04,,24.00,27/05/2026 08:39
JK Peças,425,,68.52,,20.00,27/05/2026 08:39
JK Peças,426-2,,23.38,,20.00,27/05/2026 08:39
JK Peças,426-1,,23.38,,20.00,27/05/2026 08:39
JK Peças,426-K,,44.34,,20.00,27/05/2026 08:39
JK Peças,82-K,,38.23,,24.00,27/05/2026 08:39
JK Peças,291-1,,297.44,,24.00,27/05/2026 08:39
JK Peças,82,,18.97,,24.00,27/05/2026 08:39
JK Peças,276,,53.28,,24.00,27/05/2026 08:39
JK Peças,427,,22.59,,24.00,27/05/2026 08:39
JK Peças,437,,23.04,,20.00,27/05/2026 08:39
JK Peças,81-K,,38.23,,24.00,27/05/2026 08:39
JK Peças,81,,19.48,,24.00,27/05/2026 08:39
JK Peças,428-K,,23.18,,24.00,27/05/2026 08:39
JK Peças,428-1,,11.59,,24.00,27/05/2026 08:39
JK Peças,431,,86.17,,24.00,27/05/2026 08:39
JK Peças,422,,9.19,,24.00,27/05/2026 08:39
JK Peças,319,,47.58,,20.00,27/05/2026 08:39
JK Peças,364-4,,10.89,,24.00,27/05/2026 08:39
JK Peças,364-3,,10.89,,24.00,27/05/2026 08:39
JK Peças,364-2,,10.89,,24.00,27/05/2026 08:39
JK Peças,364-1,,7.59,,24.00,27/05/2026 08:39
JK Peças,321-2,,14.53,,24.00,27/05/2026 08:39
JK Peças,321-1,,14.53,,24.00,27/05/2026 08:39
JK Peças,405,,51.60,,24.00,27/05/2026 08:39
JK Peças,196,,36.56,,24.00,27/05/2026 08:39
JK Peças,432,,12.52,,24.00,27/05/2026 08:39
JK Peças,129,,141.17,,24.00,27/05/2026 08:39
JK Peças,310,,84.90,,24.00,27/05/2026 08:39
JK Peças,141,,39.60,,20.00,27/05/2026 08:39
JK Peças,60,,9.72,,24.00,27/05/2026 08:39
JK Peças,402,,38.14,,24.00,27/05/2026 08:39
JK Peças,295,,188.54,,24.00,27/05/2026 08:39
JK Peças,385-4,,51.04,,24.00,27/05/2026 08:39
JK Peças,385-3,,50.39,,24.00,27/05/2026 08:39
JK Peças,385-2,,41.56,,24.00,27/05/2026 08:39
JK Peças,230-K,,24.93,,20.00,27/05/2026 08:39
JK Peças,230-2,,15.82,,20.00,27/05/2026 08:39
JK Peças,230-1,,15.82,,20.00,27/05/2026 08:39
JK Peças,232-2,,64.55,,24.00,27/05/2026 08:39
JK Peças,232-1,,54.61,,24.00,27/05/2026 08:39
JK Peças,232-5,,46.55,,24.00,27/05/2026 08:39
JK Peças,369,,27.39,,24.00,27/05/2026 08:39
JK Peças,398,,71.50,,24.00,27/05/2026 08:39
JK Peças,298,,14.05,,24.00,27/05/2026 08:39
JK Peças,280,,17.38,,20.00,27/05/2026 08:39
JK Peças,169-K,,13.39,,24.00,27/05/2026 08:39
JK Peças,227-1,,14.80,,24.00,27/05/2026 08:39
JK Peças,52,,166.46,,24.00,27/05/2026 08:39
JK Peças,361,,94.17,,24.00,27/05/2026 08:39
JK Peças,417,,193.17,,20.00,27/05/2026 08:39
JK Peças,70-K,,287.36,,24.00,27/05/2026 08:39
JK Peças,70,,143.68,,24.00,27/05/2026 08:39
JK Peças,343,,74.10,,24.00,27/05/2026 08:39
JK Peças,53,,28.67,,24.00,27/05/2026 08:39
JK Peças,403,,78.36,,24.00,27/05/2026 08:39
JK Peças,413,,49.72,,20.00,27/05/2026 08:39
JK Peças,341,,59.40,,24.00,27/05/2026 08:39
JK Peças,324,,25.17,,24.00,27/05/2026 08:39
JK Peças,241,,53.92,,24.00,27/05/2026 08:39
JK Peças,222-1,,37.26,,24.00,27/05/2026 08:39
JK Peças,299-1,,29.35,,24.00,27/05/2026 08:39
JK Peças,214,,20.30,,24.00,27/05/2026 08:39
JK Peças,105,,39.90,,24.00,27/05/2026 08:39
JK Peças,407,,77.83,,24.00,27/05/2026 08:39
JK Peças,239-2,,34.16,,24.00,27/05/2026 08:39
JK Peças,239-1,,34.16,,24.00,27/05/2026 08:39
JK Peças,158,,100.58,,24.00,27/05/2026 08:39
JK Peças,44-1,,77.33,,24.00,27/05/2026 08:39
JK Peças,406,,82.48,,24.00,27/05/2026 08:39
JK Peças,290,,250.44,,24.00,27/05/2026 08:39
Carlos José,319,,47.58,,14.30,27/05/2026 08:39
Carlos José,291-1,,359.66,,14.30,27/05/2026 08:39
Carlos José,309.1,,153.13,,14.30,27/05/2026 08:39
Carlos José,Emblema Para Honda Logo H Grade Dianteira City 2015 À 2017,,0.00,,0.00,27/05/2026 08:39
Carlos José,365,,73.15,,14.30,27/05/2026 08:39
Carlos José,503-4,,314.57,,14.30,27/05/2026 08:39
Carlos José,503-3,,305.87,,14.30,27/05/2026 08:39
Carlos José,503-2,,394.04,,14.30,27/05/2026 08:39
Carlos José,503-1,,273.10,,14.30,27/05/2026 08:39
Carlos José,385-4-K,,119.66,,14.30,27/05/2026 08:39
Carlos José,385-4-4K,,239.32,,14.30,27/05/2026 08:39
Carlos José,52,,186.40,,14.30,27/05/2026 08:39
Carlos José,297-K,,5.20,,14.30,27/05/2026 08:39
Carlos José,299-2,,49.95,,14.30,27/05/2026 08:39
Carlos José,227-2,,47.29,,14.30,27/05/2026 08:39
Carlos José,155,,118.59,,14.30,27/05/2026 08:39
Carlos José,199,,150.75,,14.30,27/05/2026 08:39
Carlos José,187,,65.44,,14.30,27/05/2026 08:39
Carlos José,472,,94.64,,14.30,27/05/2026 08:39
Carlos José,176,,46.71,,14.30,27/05/2026 08:39
Carlos José,116,,13.18,,14.30,27/05/2026 08:39
Carlos José,220-K4,,98.32,,14.30,27/05/2026 08:39
Carlos José,1000,,116.80,,14.30,27/05/2026 08:39
Carlos José,462,,106.30,,14.30,27/05/2026 08:39
Carlos José,455-K,,55.97,,14.30,27/05/2026 08:39
Carlos José,407-2,,43.64,,14.30,27/05/2026 08:39
Carlos José,454,,57.21,,14.30,27/05/2026 08:39
Carlos José,377-4-K,,99.90,,14.30,27/05/2026 08:39
Carlos José,377-4,,24.58,,14.30,27/05/2026 08:39
Carlos José,377-2,,33.04,,14.30,27/05/2026 08:39
Carlos José,347,,63.92,,14.30,27/05/2026 08:39
Carlos José,294,,44.33,,14.30,27/05/2026 08:39
Carlos José,238-K,,47.32,,14.30,27/05/2026 08:39
Carlos José,238-2,,23.66,,14.30,27/05/2026 08:39
Carlos José,238-1,,23.66,,14.30,27/05/2026 08:39
Carlos José,80,,78.35,,14.30,27/05/2026 08:39
Carlos José,314,,19.28,,14.30,27/05/2026 08:39
Carlos José,44,,14.92,,14.30,27/05/2026 08:39
Carlos José,438,,83.00,,14.30,27/05/2026 08:39
Carlos José,272-K8,,65.44,,14.30,27/05/2026 08:39
Carlos José,272-K4,,32.72,,14.30,27/05/2026 08:39
Carlos José,232-6,,74.99,,14.30,27/05/2026 08:39
Carlos José,419,,63.15,,14.30,27/05/2026 08:39
Carlos José,231-1,,39.92,,14.30,27/05/2026 08:39
Carlos José,147,,19.37,,14.30,27/05/2026 08:39
Carlos José,219,,29.10,,14.30,27/05/2026 08:39
Carlos José,220,,24.58,,14.30,27/05/2026 08:39
Carlos José,160-K,,216.62,,14.30,27/05/2026 08:39
Carlos José,295,,168.10,,14.30,27/05/2026 08:39
Carlos José,160,,42.61,,14.30,27/05/2026 08:39
Carlos José,4-2,,38.85,,14.30,27/05/2026 08:39
Carlos José,227-1,,14.39,,14.30,27/05/2026 08:39
Carlos José,361,,67.82,,14.30,27/05/2026 08:39
Carlos José,147-K4,,77.49,,14.30,27/05/2026 08:39
Carlos José,189-K,,224.28,,14.30,27/05/2026 08:39
Carlos José,189-2,,112.14,,14.30,27/05/2026 08:39
Carlos José,189-1,,112.14,,14.30,27/05/2026 08:39
Carlos José,222-2,,42.40,,14.30,27/05/2026 08:39
Carlos José,222-1,,42.60,,14.30,27/05/2026 08:39
Carlos José,327,,26.04,,14.30,27/05/2026 08:39
Carlos José,341,,77.55,,14.30,27/05/2026 08:39
Carlos José,342,,59.95,,14.30,27/05/2026 08:39
Carlos José,346,,23.34,,14.30,27/05/2026 08:39
Carlos José,357,,14.01,,14.30,27/05/2026 08:39
Carlos José,358,,51.11,,14.30,27/05/2026 08:39
Carlos José,344-k,,290.12,,14.30,27/05/2026 08:39
Carlos José,252-k,,27.35,,14.30,27/05/2026 08:39
Carlos José,344,,99.99,,14.30,27/05/2026 08:39
Carlos José,360,,25.68,,14.30,27/05/2026 08:39
Carlos José,299-1,,27.73,,14.30,27/05/2026 08:39
Carlos José,308,,38.16,,14.30,27/05/2026 08:39
Carlos José,222-k,,85.00,,14.30,27/05/2026 08:39
Carlos José,369,,23.88,,14.30,27/05/2026 08:39
Carlos José,371,,33.34,,14.30,27/05/2026 08:39
Carlos José,376,,89.78,,14.30,27/05/2026 08:39
Carlos José,384,,118.24,,14.30,27/05/2026 08:39
Carlos José,391,,88.50,,14.30,27/05/2026 08:39
Carlos José,396,,8.55,,14.30,27/05/2026 08:39
Carlos José,397,,10.95,,14.30,27/05/2026 08:39
Carlos José,399,,372.50,,14.30,27/05/2026 08:39
Carlos José,403,,85.13,,14.30,27/05/2026 08:39
Carlos José,141,,40.26,,14.30,27/05/2026 08:39
Carlos José,150,,11.58,,14.30,27/05/2026 08:39
Carlos José,181,,43.18,,14.30,27/05/2026 08:39
Carlos José,190,,57.09,,14.30,27/05/2026 08:39
Carlos José,250-K,,51.52,,14.30,27/05/2026 08:39
Carlos José,250-2,,25.39,,14.30,27/05/2026 08:39
Carlos José,200,,99.61,,14.30,27/05/2026 08:39
Carlos José,250-1,,25.81,,14.30,27/05/2026 08:39
Carlos José,228,,4.99,,14.30,27/05/2026 08:39
Carlos José,252-2,,13.67,,14.30,27/05/2026 08:39
Carlos José,252-1,,13.67,,14.30,27/05/2026 08:39
Carlos José,231,,43.13,,14.30,27/05/2026 08:39
Carlos José,231.1,,64.20,,14.30,27/05/2026 08:39
Carlos José,241-1,,111.97,,14.30,27/05/2026 08:39
Carlos José,325-2,,16.41,,14.30,27/05/2026 08:39
Carlos José,325-1,,16.41,,14.30,27/05/2026 08:39
Carlos José,406,,79.64,,14.30,27/05/2026 08:39
Carlos José,401,,170.40,,14.30,27/05/2026 08:39
Carlos José,398,,86.97,,14.30,27/05/2026 08:39
Carlos José,367-K,,163.24,,14.30,27/05/2026 08:39
Carlos José,367,,81.62,,14.30,27/05/2026 08:39
Carlos José,251,,8.90,,14.30,27/05/2026 08:39
Carlos José,254-1,,665.31,,14.30,27/05/2026 08:39
Carlos José,363,,76.98,,14.30,27/05/2026 08:39
Carlos José,352,,45.19,,14.30,27/05/2026 08:39
Carlos José,316,,16.91,,14.30,27/05/2026 08:39
Carlos José,313,,28.29,,14.30,27/05/2026 08:39
Carlos José,381,,132.12,,14.30,27/05/2026 08:39
Carlos José,310,,105.17,,14.30,27/05/2026 08:39
Carlos José,298,,2.88,,14.30,27/05/2026 08:39
Carlos José,256,,34.80,,14.30,27/05/2026 08:39
Carlos José,297,,2.61,,14.30,27/05/2026 08:39
Carlos José,259,,47.17,,14.30,27/05/2026 08:39
Carlos José,273,,47.98,,14.30,27/05/2026 08:39
Carlos José,410,,37.75,,14.30,27/05/2026 08:39
Carlos José,277,,38.93,,14.30,27/05/2026 08:39
Carlos José,278,,97.27,,14.30,27/05/2026 08:39
Carlos José,279,,111.87,,14.30,27/05/2026 08:39
Carlos José,280,,18.58,,14.30,27/05/2026 08:39
Carlos José,274,,15.40,,14.30,27/05/2026 08:39
Carlos José,257,,32.07,,14.30,27/05/2026 08:39
Carlos José,245,,35.80,,14.30,27/05/2026 08:39
Carlos José,285,,82.16,,14.30,27/05/2026 08:39
Carlos José,345,,64.97,,14.30,27/05/2026 08:39
Carlos José,286,,29.49,,14.30,27/05/2026 08:39
Carlos José,230-K,,25.81,,14.30,27/05/2026 08:39
Carlos José,230-2,,12.91,,14.30,27/05/2026 08:39
Carlos José,230-1,,12.91,,14.30,27/05/2026 08:39
Carlos José,292,,74.40,,14.30,27/05/2026 08:39
Carlos José,318,,38.56,,14.30,27/05/2026 08:39
Carlos José,382,,54.82,,14.30,27/05/2026 08:39
Carlos José,220-K6,,147.42,,14.30,27/05/2026 08:39
Carlos José,219-K6,,149.40,,14.30,27/05/2026 08:39
Carlos José,420,,81.04,,14.30,27/05/2026 08:39
Carlos José,219-K4,,99.60,,14.30,27/05/2026 08:39
Carlos José,60-K4,,52.13,,14.30,27/05/2026 08:39
Carlos José,167-K,,13.90,,14.30,27/05/2026 08:39
Carlos José,167,,6.95,,14.30,27/05/2026 08:39
Carlos José,124-1,,11.06,,14.30,27/05/2026 08:39
Carlos José,124,,14.64,,14.30,27/05/2026 08:39
Carlos José,120,,11.54,,14.30,27/05/2026 08:39
Carlos José,107-1,,31.04,,14.30,27/05/2026 08:39
Carlos José,99-1,,17.76,,14.30,27/05/2026 08:39
Carlos José,99,,16.87,,14.30,27/05/2026 08:39
Carlos José,79,,25.01,,14.30,27/05/2026 08:39
Carlos José,78,,26.53,,14.30,27/05/2026 08:39
Carlos José,71,,19.26,,14.30,27/05/2026 08:39
Carlos José,66,,132.56,,14.30,27/05/2026 08:39
Carlos José,62,,35.03,,14.30,27/05/2026 08:39
Carlos José,47,,18.27,,14.30,27/05/2026 08:39
Carlos José,44-1,,107.66,,14.30,27/05/2026 08:39
Carlos José,70-K,,289.32,,14.30,27/05/2026 08:39
Carlos José,70,,146.66,,14.30,27/05/2026 08:39
Carlos José,221,,13.32,,14.30,27/05/2026 08:39
Carlos José,232-2,,99.31,,14.30,27/05/2026 08:39
Carlos José,232-1,,53.09,,14.30,27/05/2026 08:39
Carlos José,232-5,,61.58,,14.30,27/05/2026 08:39
Carlos José,276,,45.67,,14.30,27/05/2026 08:39
Carlos José,192,,32.87,,14.30,27/05/2026 08:39
Carlos José,46,,18.19,,14.30,27/05/2026 08:39
Carlos José,37,,15.42,,14.30,27/05/2026 08:39
Carlos José,35,,13.88,,14.30,27/05/2026 08:39
Carlos José,33,,13.52,,14.30,27/05/2026 08:39
Carlos José,321-K,,52.86,,14.30,27/05/2026 08:39
Carlos José,321-2,,26.43,,14.30,27/05/2026 08:39
Carlos José,321-1,,26.43,,14.30,27/05/2026 08:39
Carlos José,44-K4,,37.78,,14.30,27/05/2026 08:39
Carlos José,320,,50.93,,14.30,27/05/2026 08:39
Carlos José,195-K,,60.00,,14.30,27/05/2026 08:39
Carlos José,195,,30.00,,14.30,27/05/2026 08:39
Carlos José,353,,57.19,,14.30,27/05/2026 08:39
Carlos José,82,,21.37,,14.30,27/05/2026 08:39
Carlos José,82-K,,42.74,,14.30,27/05/2026 08:39
Carlos José,81,,18.14,,14.30,27/05/2026 08:39
Carlos José,81-K,,39.22,,14.30,27/05/2026 08:39
Carlos José,107,,27.16,,14.30,27/05/2026 08:39
Carlos José,59,,26.93,,14.30,27/05/2026 08:39
Carlos José,23,,101.85,,14.30,27/05/2026 08:39
Carlos José,20,,50.96,,14.30,27/05/2026 08:39
Carlos José,16,,8.19,,14.30,27/05/2026 08:39
Carlos José,15-1,,33.43,,14.30,27/05/2026 08:39
Carlos José,008,,13.93,,14.30,27/05/2026 08:39
Carlos José,001,,17.75,,14.30,27/05/2026 08:39
Carlos José,385-4,,39.56,,14.30,27/05/2026 08:39
Carlos José,385-2,,63.97,,14.30,27/05/2026 08:39
Carlos José,375-2,,31.35,,14.30,27/05/2026 08:39
Carlos José,375-1,,40.22,,14.30,27/05/2026 08:39
Carlos José,315-K,,29.08,,14.30,27/05/2026 08:39
Carlos José,314-K,,38.56,,14.30,27/05/2026 08:39
Carlos José,402,,35.54,,14.30,27/05/2026 08:39
Carlos José,407,,35.31,,14.30,27/05/2026 08:39
Carlos José,368,,100.68,,14.30,27/05/2026 08:39
Carlos José,105,,42.98,,14.30,27/05/2026 08:39
Carlos José,18,,228.79,,14.30,27/05/2026 08:39
Carlos José,421,,42.02,,14.30,27/05/2026 08:39
Carlos José,241,,52.09,,14.30,27/05/2026 08:39
Carlos José,419-K,,114.21,,14.30,27/05/2026 08:39
Carlos José,419-2,,57.10,,14.30,27/05/2026 08:39
Carlos José,419-1,,57.10,,14.30,27/05/2026 08:39
Carlos José,290,,222.21,,14.30,27/05/2026 08:39
Carlos José,244,,21.38,,14.30,27/05/2026 08:39
Carlos José,214,,23.80,,14.30,27/05/2026 08:39
Carlos José,196,,35.34,,14.30,27/05/2026 08:39
Carlos José,169-K,,12.34,,14.30,27/05/2026 08:39
Carlos José,198-4,,65.43,,14.30,27/05/2026 08:39
Carlos José,198-3,,65.43,,14.30,27/05/2026 08:39
Carlos José,198-2,,63.37,,14.30,27/05/2026 08:39
Carlos José,198-1,,64.18,,14.30,27/05/2026 08:39
Carlos José,60,,13.03,,14.30,27/05/2026 08:39
Carlos José,380,,66.11,,14.30,27/05/2026 08:39
Uai Mineirinho,19-1,,0.00,,0.00,27/05/2026 08:39
Uai Mineirinho,309.1,,153.13,,14.30,27/05/2026 08:39
Uai Mineirinho,008-1,,4.00,,14.30,27/05/2026 08:39
Uai Mineirinho,484-2,,237.76,,14.50,27/05/2026 08:39
Uai Mineirinho,484-1,,237.76,,14.50,27/05/2026 08:39
Uai Mineirinho,479-K5,,1718.35,,14.30,27/05/2026 08:39
Uai Mineirinho,479-K3,,1031.01,,14.30,27/05/2026 08:39
Uai Mineirinho,479-K,,687.34,,14.30,27/05/2026 08:39
Uai Mineirinho,417,,0.00,,0.00,27/05/2026 08:39
Uai Mineirinho,307-K,,131.10,,14.30,27/05/2026 08:39
Uai Mineirinho,479-1,,114.56,,14.30,27/05/2026 08:39
Uai Mineirinho,307-1,,133.36,,14.30,27/05/2026 08:39
Uai Mineirinho,008-K,,11.88,,14.30,27/05/2026 08:39
Uai Mineirinho,94-3,,64.04,,14.30,27/05/2026 08:39
Uai Mineirinho,4-3,,0.00,,14.30,27/05/2026 08:39
Uai Mineirinho,49-K,,0.00,,14.30,27/05/2026 08:39
Uai Mineirinho,366,,319.18,,14.30,27/05/2026 08:39
Uai Mineirinho,477,,31.66,,14.30,27/05/2026 08:39
Uai Mineirinho,477-1,,31.66,,14.30,27/05/2026 08:39
Uai Mineirinho,230,,0.00,,14.30,27/05/2026 08:39
Uai Mineirinho,482,,72.63,,14.30,27/05/2026 08:39
Uai Mineirinho,481,,72.63,,14.30,27/05/2026 08:39
Uai Mineirinho,480,,72.63,,14.30,27/05/2026 08:39
Uai Mineirinho,194-K,,25.33,,14.30,27/05/2026 08:39
Uai Mineirinho,476,,31.58,,14.30,27/05/2026 08:39
Uai Mineirinho,475,,98.36,,14.30,27/05/2026 08:39
Uai Mineirinho,474,,98.36,,14.30,27/05/2026 08:39
Uai Mineirinho,298-K,,4.94,,14.30,27/05/2026 08:39
Uai Mineirinho,307-2,,21.32,,14.30,27/05/2026 08:39
Uai Mineirinho,27-2,,12.67,,14.30,27/05/2026 08:39
Uai Mineirinho,27-K,,25.34,,14.30,27/05/2026 08:39
Uai Mineirinho,479,,343.67,,14.30,27/05/2026 08:39
Uai Mineirinho,471,,136.83,,14.30,27/05/2026 08:39
Uai Mineirinho,447,,25.13,,14.30,27/05/2026 08:39
Uai Mineirinho,343,,47.31,,14.30,27/05/2026 08:39
Uai Mineirinho,469,,64.74,,14.30,27/05/2026 08:39
Uai Mineirinho,423-2,,84.42,,14.30,27/05/2026 08:39
Uai Mineirinho,291,,801.00,,14.30,27/05/2026 08:39
Uai Mineirinho,331-k,,16.93,,14.30,27/05/2026 08:39
Uai Mineirinho,331,,0.00,,14.30,27/05/2026 08:39
Uai Mineirinho,361,,51.04,,14.30,27/05/2026 08:39
Uai Mineirinho,420,,38.08,,14.30,27/05/2026 08:39
Uai Mineirinho,384,,114.48,,14.30,27/05/2026 08:39
Uai Mineirinho,375,,0.00,,14.30,27/05/2026 08:39
Uai Mineirinho,4-2,,37.19,,14.30,27/05/2026 08:39
Uai Mineirinho,3224,,0.00,,14.30,27/05/2026 08:39
Uai Mineirinho,468,,54.79,,14.30,27/05/2026 08:39
Uai Mineirinho,467,,17.05,,14.30,27/05/2026 08:39
Uai Mineirinho,462,,114.17,,14.30,27/05/2026 08:39
Uai Mineirinho,198-,,0.00,,14.30,27/05/2026 08:39
Uai Mineirinho,173,,95.31,,14.30,27/05/2026 08:39
Uai Mineirinho,435,,36.32,,14.30,27/05/2026 08:39
Uai Mineirinho,435-K,,49.71,,14.30,27/05/2026 08:39
Uai Mineirinho,151-K6,,49.38,,14.30,27/05/2026 08:39
Uai Mineirinho,151,,8.23,,14.30,27/05/2026 08:39
Uai Mineirinho,149,,6.70,,14.30,27/05/2026 08:39
Uai Mineirinho,005,,54.91,,14.30,27/05/2026 08:39
Uai Mineirinho,"454,90",,0.00,,14.30,27/05/2026 08:39
Uai Mineirinho,308-1,,46.76,,14.30,27/05/2026 08:39
Uai Mineirinho,"308,1",,0.00,,14.30,27/05/2026 08:39
Uai Mineirinho,377-2-K4,,134.80,,14.30,27/05/2026 08:39
Uai Mineirinho,377-4K,,77.98,,14.30,27/05/2026 08:39
Uai Mineirinho,299-2,,26.86,,14.30,27/05/2026 08:39
Uai Mineirinho,382-4,,50.59,,14.30,27/05/2026 08:39
Uai Mineirinho,382-2,,50.59,,14.30,27/05/2026 08:39
Uai Mineirinho,465,,121.90,,14.30,27/05/2026 08:39
Uai Mineirinho,1902,,0.00,,14.30,27/05/2026 08:39
Uai Mineirinho,124-4,,0.00,,14.30,27/05/2026 08:39
Uai Mineirinho,442,,422.90,,14.30,27/05/2026 08:39
Uai Mineirinho,279,,94.58,,14.30,27/05/2026 08:39
Uai Mineirinho,254-1,,303.85,,14.30,27/05/2026 08:39
Uai Mineirinho,169,,0.00,,14.30,27/05/2026 08:39
Uai Mineirinho,72,,0.00,,14.30,27/05/2026 08:39
Uai Mineirinho,53,,54.42,,14.30,27/05/2026 08:39
Uai Mineirinho,46,,21.59,,14.30,27/05/2026 08:39
Uai Mineirinho,294,,63.39,,14.30,27/05/2026 08:39
Uai Mineirinho,29,,0.00,,14.30,27/05/2026 08:39
Uai Mineirinho,283,,89.71,,14.30,27/05/2026 08:39
Uai Mineirinho,220-K56,,0.00,,14.30,27/05/2026 08:39
Uai Mineirinho,2334,,0.00,,14.30,27/05/2026 08:39
Uai Mineirinho,17,,0.00,,14.30,27/05/2026 08:39
Uai Mineirinho,129,,0.00,,14.30,27/05/2026 08:39
Uai Mineirinho,401,,190.78,,14.30,27/05/2026 08:39
Uai Mineirinho,391,,106.51,,14.30,27/05/2026 08:39
Uai Mineirinho,244,,20.28,,14.30,27/05/2026 08:39
Uai Mineirinho,358,,12.19,,14.30,27/05/2026 08:39
Uai Mineirinho,372,,21.06,,14.30,27/05/2026 08:39
Uai Mineirinho,357,,11.09,,14.30,27/05/2026 08:39
Uai Mineirinho,349,,65.21,,14.30,27/05/2026 08:39
Uai Mineirinho,347,,57.32,,14.30,27/05/2026 08:39
Uai Mineirinho,70-K4,,0.00,,14.30,27/05/2026 08:39
Uai Mineirinho,313-K,,70.34,,14.30,27/05/2026 08:39
Uai Mineirinho,277,,86.02,,14.30,27/05/2026 08:39
Uai Mineirinho,259,,46.30,,14.30,27/05/2026 08:39
Uai Mineirinho,225,,30.37,,14.30,27/05/2026 08:39
Uai Mineirinho,218,,43.59,,14.30,27/05/2026 08:39
Uai Mineirinho,139,,46.79,,14.30,27/05/2026 08:39
Uai Mineirinho,002,,35.67,,14.30,27/05/2026 08:39
Uai Mineirinho,147-4,,0.00,,14.30,27/05/2026 08:39
Uai Mineirinho,129-3,,147.44,,14.30,27/05/2026 08:39
Uai Mineirinho,337,,46.28,,14.30,27/05/2026 08:39
Uai Mineirinho,410,,27.08,,14.30,27/05/2026 08:39
Uai Mineirinho,282,,120.23,,14.30,27/05/2026 08:39
Uai Mineirinho,407-1,,50.05,,14.30,27/05/2026 08:39
Uai Mineirinho,92-1,,0.00,,14.30,27/05/2026 08:39
Uai Mineirinho,414-1,,42.02,,14.30,27/05/2026 08:39
Uai Mineirinho,367,,64.44,,14.30,27/05/2026 08:39
Uai Mineirinho,219-K,,0.00,,14.30,27/05/2026 08:39
Uai Mineirinho,208,,65.71,,14.30,27/05/2026 08:39
Uai Mineirinho,219,,0.00,,14.30,27/05/2026 08:39
Uai Mineirinho,231-1,,54.04,,14.30,27/05/2026 08:39
Uai Mineirinho,434,,49.78,,14.30,27/05/2026 08:39
Uai Mineirinho,313-1,,0.01,,14.30,27/05/2026 08:39
Uai Mineirinho,222-K,,74.71,,14.30,27/05/2026 08:39
Uai Mineirinho,353,,41.59,,14.30,27/05/2026 08:39
Uai Mineirinho,198-3,,74.23,,14.30,27/05/2026 08:39
Uai Mineirinho,198-1,,56.40,,14.30,27/05/2026 08:39
Uai Mineirinho,414,,0.00,,14.30,27/05/2026 08:39
Uai Mineirinho,157.1,,0.00,,14.30,27/05/2026 08:39
Uai Mineirinho,398,,82.39,,14.30,27/05/2026 08:39
Uai Mineirinho,392,,0.00,,14.30,27/05/2026 08:39
Uai Mineirinho,381,,125.62,,14.30,27/05/2026 08:39
Uai Mineirinho,376,,80.92,,14.30,27/05/2026 08:39
Uai Mineirinho,369,,31.89,,14.30,27/05/2026 08:39
Uai Mineirinho,368,,106.35,,14.30,27/05/2026 08:39
Uai Mineirinho,363,,87.39,,14.30,27/05/2026 08:39
Uai Mineirinho,352,,48.28,,14.30,27/05/2026 08:39
Uai Mineirinho,342,,61.40,,14.30,27/05/2026 08:39
Uai Mineirinho,324,,13.90,,14.30,27/05/2026 08:39
Uai Mineirinho,315-K,,29.08,,14.30,27/05/2026 08:39
Uai Mineirinho,314-K,,29.70,,14.30,27/05/2026 08:39
Uai Mineirinho,314,,9.93,,14.30,27/05/2026 08:39
Uai Mineirinho,313,,25.87,,14.30,27/05/2026 08:39
Uai Mineirinho,308,,46.68,,14.30,27/05/2026 08:39
Uai Mineirinho,303,,40.71,,14.30,27/05/2026 08:39
Uai Mineirinho,299-1303,,0.00,,14.30,27/05/2026 08:39
Uai Mineirinho,297-K,,3.53,,14.30,27/05/2026 08:39
Uai Mineirinho,297,,5.74,,14.30,27/05/2026 08:39
Uai Mineirinho,292,,52.33,,14.30,27/05/2026 08:39
Uai Mineirinho,281,,16.76,,14.30,27/05/2026 08:39
Uai Mineirinho,278,,102.50,,14.30,27/05/2026 08:39
Uai Mineirinho,273,,46.77,,14.30,27/05/2026 08:39
Uai Mineirinho,272-K4,,12.92,,14.30,27/05/2026 08:39
Uai Mineirinho,272-K8,,25.84,,14.30,27/05/2026 08:39
Uai Mineirinho,272,,3.20,,14.30,27/05/2026 08:39
Uai Mineirinho,222-2,,41.75,,14.30,27/05/2026 08:39
Uai Mineirinho,222-1,,32.96,,14.30,27/05/2026 08:39
Uai Mineirinho,220,,0.00,,14.30,27/05/2026 08:39
Uai Mineirinho,198-4,,54.69,,14.30,27/05/2026 08:39
Uai Mineirinho,198-2,,74.23,,14.30,27/05/2026 08:39
Uai Mineirinho,19196,,0.00,,14.30,27/05/2026 08:39
Uai Mineirinho,280.53,,0.00,,14.30,27/05/2026 08:39
Uai Mineirinho,170-K,,64.54,,14.30,27/05/2026 08:39
Uai Mineirinho,170,,20.88,,14.30,27/05/2026 08:39
Uai Mineirinho,157,,0.00,,14.30,27/05/2026 08:39
Uai Mineirinho,152,,6.70,,14.30,27/05/2026 08:39
Uai Mineirinho,150,,7.58,,14.30,27/05/2026 08:39
Uai Mineirinho,147,,19.74,,14.30,27/05/2026 08:39
Uai Mineirinho,94,,64.04,,14.30,27/05/2026 08:39
Uai Mineirinho,382,,29.54,,14.30,27/05/2026 08:39
Uai Mineirinho,268,,62.64,,14.30,27/05/2026 08:39
Uai Mineirinho,252-K,,31.70,,14.30,27/05/2026 08:39
Uai Mineirinho,252-2,,15.85,,14.30,27/05/2026 08:39
Uai Mineirinho,252-1,,13.68,,14.30,27/05/2026 08:39
Uai Mineirinho,251,,3.37,,14.30,27/05/2026 08:39
Uai Mineirinho,66,,94.24,,14.30,27/05/2026 08:39
Uai Mineirinho,345-1,,0.00,,14.30,27/05/2026 08:39
Uai Mineirinho,194,,12.76,,14.30,27/05/2026 08:39
Uai Mineirinho,248,,40.36,,14.30,27/05/2026 08:39
Uai Mineirinho,154,,37.41,,14.30,27/05/2026 08:39
Uai Mineirinho,190,,62.45,,14.30,27/05/2026 08:39
Uai Mineirinho,392-2,,35.16,,14.30,27/05/2026 08:39
Uai Mineirinho,392-1,,35.16,,14.30,27/05/2026 08:39
Uai Mineirinho,392-K,,70.33,,14.30,27/05/2026 08:39
Uai Mineirinho,239-2,,30.50,,14.30,27/05/2026 08:39
Uai Mineirinho,239-1,,30.50,,14.30,27/05/2026 08:39
Uai Mineirinho,371,,30.18,,14.30,27/05/2026 08:39
Uai Mineirinho,295,,215.54,,14.30,27/05/2026 08:39
Uai Mineirinho,299-1,,28.40,,14.30,27/05/2026 08:39
Uai Mineirinho,258,,145.20,,14.30,27/05/2026 08:39
Uai Mineirinho,189-2,,33.19,,14.30,27/05/2026 08:39
Uai Mineirinho,189-1,,33.19,,14.30,27/05/2026 08:39
Uai Mineirinho,189-K,,66.39,,14.30,27/05/2026 08:39
Uai Mineirinho,12,,64.98,,14.30,27/05/2026 08:39
Uai Mineirinho,241-1,,74.83,,14.30,27/05/2026 08:39
Uai Mineirinho,280-K,,34.40,,14.30,27/05/2026 08:39
Uai Mineirinho,396,,8.22,,14.30,27/05/2026 08:39
Uai Mineirinho,393,,0.00,,14.30,27/05/2026 08:39
Uai Mineirinho,18,,216.24,,14.30,27/05/2026 08:39
Uai Mineirinho,181,,45.64,,14.30,27/05/2026 08:39
Uai Mineirinho,344-K,,261.70,,14.30,27/05/2026 08:39
Uai Mineirinho,344,,98.34,,14.30,27/05/2026 08:39
Uai Mineirinho,364-1,,9.25,,14.30,27/05/2026 08:39
Uai Mineirinho,364-2,,9.25,,14.30,27/05/2026 08:39
Uai Mineirinho,364-3,,9.25,,14.30,27/05/2026 08:39
Uai Mineirinho,364-4,,9.25,,14.30,27/05/2026 08:39
Uai Mineirinho,286,,25.86,,14.30,27/05/2026 08:39
Uai Mineirinho,236,,27.53,,14.30,27/05/2026 08:39
Uai Mineirinho,399,,372.50,,14.30,27/05/2026 08:39
Uai Mineirinho,375-2,,26.89,,14.30,27/05/2026 08:39
Uai Mineirinho,375-1,,24.47,,14.30,27/05/2026 08:39
Uai Mineirinho,375-K,,98.44,,14.30,27/05/2026 08:39
Uai Mineirinho,200,,112.72,,14.30,27/05/2026 08:39
Uai Mineirinho,325-K,,36.12,,14.30,27/05/2026 08:39
Uai Mineirinho,325-2,,16.65,,14.30,27/05/2026 08:39
Uai Mineirinho,325-1,,16.88,,14.30,27/05/2026 08:39
Uai Mineirinho,27-1,,12.67,,14.30,27/05/2026 08:39
Uai Mineirinho,257-1,,39.33,,14.30,27/05/2026 08:39
Uai Mineirinho,188,,29.09,,14.30,27/05/2026 08:39
Uai Mineirinho,70-K,,264.56,,14.30,27/05/2026 08:39
Uai Mineirinho,246,,35.57,,14.30,27/05/2026 08:39
Uai Mineirinho,415,,63.94,,14.30,27/05/2026 08:39
Uai Mineirinho,274,,9.82,,14.30,27/05/2026 08:39
Uai Mineirinho,385-4,,47.18,,14.30,27/05/2026 08:39
Uai Mineirinho,385-2,,43.88,,14.30,27/05/2026 08:39
Uai Mineirinho,100,,10.80,,14.30,27/05/2026 08:39
Uai Mineirinho,243,,35.75,,14.30,27/05/2026 08:39
Uai Mineirinho,008,,12.86,,14.30,27/05/2026 08:39
Uai Mineirinho,397,,9.60,,14.30,27/05/2026 08:39
Uai Mineirinho,245,,30.46,,14.30,27/05/2026 08:39
Uai Mineirinho,124-1,,13.35,,14.30,27/05/2026 08:39
Uai Mineirinho,318,,36.27,,14.30,27/05/2026 08:39
Uai Mineirinho,250-K,,42.37,,14.30,27/05/2026 08:39
Uai Mineirinho,116,,14.77,,14.30,27/05/2026 08:39
Uai Mineirinho,234,,43.26,,14.30,27/05/2026 08:39
Uai Mineirinho,107-1,,21.93,,14.30,27/05/2026 08:39
Uai Mineirinho,435-2,,24.85,,14.30,27/05/2026 08:39
Uai Mineirinho,435-1,,24.85,,14.30,27/05/2026 08:39
Uai Mineirinho,365,,43.51,,14.30,27/05/2026 08:39
Uai Mineirinho,94-2,,79.87,,14.30,27/05/2026 08:39
Uai Mineirinho,238-K,,47.77,,14.30,27/05/2026 08:39
Uai Mineirinho,238-2,,23.88,,14.30,27/05/2026 08:39
Uai Mineirinho,238-1,,23.88,,14.30,27/05/2026 08:39
Uai Mineirinho,228,,4.25,,14.30,27/05/2026 08:39
Uai Mineirinho,407,,87.18,,14.30,27/05/2026 08:39
Uai Mineirinho,405,,57.66,,14.30,27/05/2026 08:39
Uai Mineirinho,223,,34.49,,14.30,27/05/2026 08:39
Uai Mineirinho,221,,14.60,,14.30,27/05/2026 08:39
Uai Mineirinho,219-K6,,143.70,,14.30,27/05/2026 08:39
Uai Mineirinho,219-K4,,95.80,,14.30,27/05/2026 08:39
Uai Mineirinho,380,,78.99,,14.30,27/05/2026 08:39
Uai Mineirinho,367-K,,128.88,,14.30,27/05/2026 08:39
Uai Mineirinho,354,,62.27,,14.30,27/05/2026 08:39
Uai Mineirinho,346,,23.04,,14.30,27/05/2026 08:39
Uai Mineirinho,345,,51.30,,14.30,27/05/2026 08:39
Uai Mineirinho,214,,20.13,,14.30,27/05/2026 08:39
Uai Mineirinho,326,,78.06,,14.30,27/05/2026 08:39
Uai Mineirinho,192,,35.03,,14.30,27/05/2026 08:39
Uai Mineirinho,187,,32.18,,14.30,27/05/2026 08:39
Uai Mineirinho,176,,51.17,,14.30,27/05/2026 08:39
Uai Mineirinho,170-K4,,64.56,,14.30,27/05/2026 08:39
Uai Mineirinho,17-K,,0.00,,14.30,27/05/2026 08:39
Uai Mineirinho,17-,,0.00,,14.30,27/05/2026 08:39
Uai Mineirinho,167-K,,8.62,,14.30,27/05/2026 08:39
Uai Mineirinho,167,,4.31,,14.30,27/05/2026 08:39
Uai Mineirinho,155,,87.81,,14.30,27/05/2026 08:39
Uai Mineirinho,137,,46.76,,14.30,27/05/2026 08:39
Uai Mineirinho,134,,51.30,,14.30,27/05/2026 08:39
Uai Mineirinho,124,,16.50,,14.30,27/05/2026 08:39
Uai Mineirinho,120,,10.86,,14.30,27/05/2026 08:39
Uai Mineirinho,115,,11.83,,14.30,27/05/2026 08:39
Uai Mineirinho,107,,28.74,,14.30,27/05/2026 08:39
Uai Mineirinho,99-1,,18.37,,14.30,27/05/2026 08:39
Uai Mineirinho,231,,38.89,,14.30,27/05/2026 08:39
Uai Mineirinho,256,,25.10,,14.30,27/05/2026 08:39
Uai Mineirinho,287,,111.99,,14.30,27/05/2026 08:39
Uai Mineirinho,99,,21.14,,14.30,27/05/2026 08:39
Uai Mineirinho,231.1,,54.00,,14.30,27/05/2026 08:39
Uai Mineirinho,220-K6,,136.28,,14.30,27/05/2026 08:39
Uai Mineirinho,158,,86.06,,14.30,27/05/2026 08:39
Uai Mineirinho,80,,78.64,,14.30,27/05/2026 08:39
Uai Mineirinho,79,,26.81,,14.30,27/05/2026 08:39
Uai Mineirinho,78,,27.49,,14.30,27/05/2026 08:39
Uai Mineirinho,71,,18.71,,14.30,27/05/2026 08:39
Uai Mineirinho,257,,35.27,,14.30,27/05/2026 08:39
Uai Mineirinho,360,,23.19,,14.30,27/05/2026 08:39
Uai Mineirinho,320,,46.46,,14.30,27/05/2026 08:39
Uai Mineirinho,195-K,,49.22,,14.30,27/05/2026 08:39
Uai Mineirinho,195,,24.61,,14.30,27/05/2026 08:39
Uai Mineirinho,82-K,,40.36,,14.30,27/05/2026 08:39
Uai Mineirinho,82,,20.18,,14.30,27/05/2026 08:39
Uai Mineirinho,81-K,,60.58,,14.30,27/05/2026 08:39
Uai Mineirinho,81,,30.29,,14.30,27/05/2026 08:39
Uai Mineirinho,276,,62.36,,14.30,27/05/2026 08:39
Uai Mineirinho,327,,28.64,,14.30,27/05/2026 08:39
Uai Mineirinho,94-1,,64.04,,14.30,27/05/2026 08:39
Uai Mineirinho,307,,133.36,,14.30,27/05/2026 08:39
Uai Mineirinho,275-19,,37.41,,14.30,27/05/2026 08:39
Uai Mineirinho,275-5,,39.68,,14.30,27/05/2026 08:39
Uai Mineirinho,61,,21.79,,14.30,27/05/2026 08:39
Uai Mineirinho,55,,160.84,,14.30,27/05/2026 08:39
Uai Mineirinho,47,,23.57,,14.30,27/05/2026 08:39
Uai Mineirinho,37,,23.95,,14.30,27/05/2026 08:39
Uai Mineirinho,23,,94.15,,14.30,27/05/2026 08:39
Uai Mineirinho,15-1,,31.81,,14.30,27/05/2026 08:39
Uai Mineirinho,62,,36.13,,14.30,27/05/2026 08:39
Uai Mineirinho,49,,2.39,,14.30,27/05/2026 08:39
Uai Mineirinho,44-K4,,65.32,,14.30,27/05/2026 08:39
Uai Mineirinho,35,,10.79,,14.30,27/05/2026 08:39
Uai Mineirinho,33,,16.13,,14.30,27/05/2026 08:39
Uai Mineirinho,20,,39.18,,14.30,27/05/2026 08:39
Uai Mineirinho,16,,14.21,,14.30,27/05/2026 08:39
Uai Mineirinho,4-1,,25.98,,14.30,27/05/2026 08:39
Uai Mineirinho,001,,11.06,,14.30,27/05/2026 08:39
Uai Mineirinho,70,,81.20,,14.30,27/05/2026 08:39
Uai Mineirinho,59,,23.80,,14.30,27/05/2026 08:39
Uai Mineirinho,250-2,,16.90,,14.30,27/05/2026 08:39
Uai Mineirinho,250-1,,17.87,,14.30,27/05/2026 08:39
Uai Mineirinho,232-2,,60.84,,14.30,27/05/2026 08:39
Uai Mineirinho,232-1,,51.09,,14.30,27/05/2026 08:39
Uai Mineirinho,232-5,,58.15,,14.30,27/05/2026 08:39
Uai Mineirinho,44,,16.33,,14.30,27/05/2026 08:39
Uai Mineirinho,199,,92.41,,14.30,27/05/2026 08:39
Uai Mineirinho,377-4-K,,67.40,,14.30,27/05/2026 08:39
Uai Mineirinho,377-4,,33.70,,14.30,27/05/2026 08:39
Uai Mineirinho,377-2,,33.70,,14.30,27/05/2026 08:39
Uai Mineirinho,419-1,,0.00,,14.30,27/05/2026 08:39
Uai Mineirinho,241,,56.84,,14.30,27/05/2026 08:39
Uai Mineirinho,312,,36.52,,14.30,27/05/2026 08:39
Uai Mineirinho,285,,52.84,,14.30,27/05/2026 08:39
Uai Mineirinho,230-K,,26.48,,14.30,27/05/2026 08:39
Uai Mineirinho,230-2,,13.24,,14.30,27/05/2026 08:39
Uai Mineirinho,230-1,,13.24,,14.30,27/05/2026 08:39
Uai Mineirinho,280,,17.20,,14.30,27/05/2026 08:39
Uai Mineirinho,227-2,,14.46,,14.30,27/05/2026 08:39
Uai Mineirinho,227-1,,11.48,,14.30,27/05/2026 08:39
Uai Mineirinho,227,,45.15,,14.30,27/05/2026 08:39
Uai Mineirinho,169-K,,13.32,,14.30,27/05/2026 08:39
Uai Mineirinho,52,,223.96,,14.30,27/05/2026 08:39
Uai Mineirinho,423,,80.75,,14.30,27/05/2026 08:39
Uai Mineirinho,321-K,,53.58,,14.30,27/05/2026 08:39
Uai Mineirinho,321-2,,26.79,,14.30,27/05/2026 08:39
Uai Mineirinho,321-1,,14.53,,14.30,27/05/2026 08:39
Uai Mineirinho,298,,5.74,,14.30,27/05/2026 08:39
Uai Mineirinho,60-K4,,52.12,,14.30,27/05/2026 08:39
Uai Mineirinho,60,,13.03,,14.30,27/05/2026 08:39
Uai Mineirinho,403,,104.69,,14.30,27/05/2026 08:39
Uai Mineirinho,105,,36.46,,14.30,27/05/2026 08:39
Uai Mineirinho,147-K4,,79.00,,14.30,27/05/2026 08:39
Uai Mineirinho,141,,25.94,,14.30,27/05/2026 08:39
Uai Mineirinho,196,,37.87,,14.30,27/05/2026 08:39
Uai Mineirinho,341,,50.61,,14.30,27/05/2026 08:39
Uai Mineirinho,320-1,,52.63,,14.30,27/05/2026 08:39
Uai Mineirinho,402,,41.56,,14.30,27/05/2026 08:39
Uai Mineirinho,149-K4,,26.80,,14.30,27/05/2026 08:39
Uai Mineirinho,152-K6,,40.20,,14.30,27/05/2026 08:39
Uai Mineirinho,310,,89.55,,14.30,27/05/2026 08:39
Uai Mineirinho,319,,42.07,,14.30,27/05/2026 08:39
Uai Mineirinho,406,,84.43,,14.30,27/05/2026 08:39
Uai Mineirinho,44-1,,54.10,,14.30,27/05/2026 08:39
Uai Mineirinho,316,,15.78,,14.30,27/05/2026 08:39
Uai Mineirinho,290,,223.75,,14.30,27/05/2026 08:39
