CUSTO;IMPOSTO;SKU
0.01;24.00;336
153.13;24.00;309.1
112.32;24.00;44-K6
37.44;24.00;44-K
18.72;24.00;44
74.88;24.00;44-K4
0.00;0.00;434
0.00;0.00;284
0.00;0.00;CADE
6.02;20.00;167-2K
6.02;20.00;167-1K
3.01;20.00;167-2
3.01;20.00;167-1
27.53;20.00;322-96A-32-O
27.53;20.00;322-96A-34-O
27.53;20.00;322-96A-36-O
27.53;20.00;322-96A-38-O
27.74;20.00;322-96A-38
27.74;20.00;322-96A-36
27.74;20.00;322-96A-34
27.74;20.00;322-96A-32
21.71;24.00;444-K2-1
37.12;24.00;308-1
4.03;24.00;T417
24.01;20.00;322-GC-05
24.01;20.00;322-GC-03
24.01;20.00;322-GC-BB
58.69;20.00;322-SHI-38
58.69;20.00;322-SHI-36
56.78;20.00;322-SHI-34
59.50;20.00;322-SHI-32
59.80;20.00;322-SHI-30
56.95;20.00;322-SRAM-38
56.95;20.00;322-SRAM-36
50.35;20.00;322-SRAM-34
50.35;20.00;322-SRAM-32
50.35;20.00;322-SRAM-30
27.53;20.00;322-94/96-38-O
27.53;20.00;322-94/96-36-O
27.53;20.00;322-94/96-34-O
27.53;20.00;322-94/96-32-O
26.42;20.00;322-94/96-38
26.42;20.00;322-94/96-36
26.42;20.00;322-94/96-34
26.42;20.00;322-94/96-32
26.63;20.00;322-104-38-O
26.63;20.00;322-104-36-O
26.63;20.00;322-104-34-O
26.63;20.00;322-104-32-O
23.89;20.00;322-104-38
23.89;20.00;322-104-36
23.89;20.00;322-104-34
23.89;20.00;322-104-32
11.24;24.00;21
0.00;0.00;188
17.00;24.00;331-1-k
8.50;24.00;331-1
22.20;24.00;307-2
120.80;24.00;307-1
143.00;24.00;307-K
226.49;24.00;373
79.85;24.00;157-K4
0.00;0.00;157
29.70;24.00;473
0.00;0.00;427-1
0.00;0.00;239-
0.00;0.00;25-1
0.00;0.00;227-275-5
0.00;0.00;2274-1
0.00;0.00;008,
0.00;0.00;98-1
18.38;24.00;422-K
0.00;0.00;257-1
5.30;24.00;393-2
0.00;0.00;393-2,
6.59;0.00;394-2
0.00;0.00;458-4
0.00;0.00;4-2
149.46;24.00;412-9
149.46;24.00;412-8
149.46;24.00;412-7
242.54;24.00;458-K3
24.01;24.00;458-3
10.92;24.00;194-K
0.00;0.00;31966
0.00;0.00;102
0.00;0.00;9966
0.00;0.00;19
6.21;24.00;298-K
5.93;24.00;297-K
0.00;0.00;420
0.00;24.00;350-1
81.12;24.00;127-17
81.12;24.00;127-9
7.43;24.00;332
256.06;24.00;289
12.46;24.00;306-2-K
14.86;24.00;332-K
146.80;24.00;464-K10
73.40;24.00;464-K5
44.04;24.00;464-K3
29.36;24.00;464-K
92.45;24.00;94-2
26.23;24.00;152
44.71;24.00;444-K3-2
44.34;24.00;444-K3-1
25.46;24.00;444-2-K
25.09;24.00;444-1-K
39.70;24.00;280-K
35.01;24.00;444-K3
45.13;24.00;375-2
45.07;24.00;375-1
234.07;24.00;446
43.23;24.00;236
12.96;24.00;252-1
24.55;24.00;250-2
24.55;24.00;250-1
49.11;24.00;250-K
29.05;24.00;321-k
21.36;24.00;244
211.27;24.00;443
23.99;24.00;238-1
47.98;24.00;238-k
13.60;24.00;459
11.32;24.00;461
14.68;24.00;464
22.75;24.00;460
140.93;24.00;458-2
65.44;24.00;187
65.30;24.00;355
8.50;24.00;331
16.99;24.00;331-K
25.92;24.00;252-K
121.44;24.00;456
5.39;24.00;393-1
6.31;24.00;394-1
10.41;24.00;453
82.23;24.00;367
143.00;24.00;307
69.18;24.00;441
15.14;24.00;438
81.62;24.00;208
344.19;24.00;439
22.84;24.00;429
11.22;24.00;281
26.90;24.00;272-K4
6.74;24.00;272
55.11;24.00;440
92.45;24.00;94-1
117.50;24.00;151-K6
52.07;24.00;435-1
80.19;24.00;458-1
72.86;24.00;449-2
72.86;24.00;449-1
421.64;24.00;451
220.44;24.00;458-K
145.72;24.00;449-K
71.63;24.00;448
238.19;24.00;451-2
238.19;24.00;451-1
476.38;24.00;451-K
74.36;24.00;160-K
37.01;24.00;160
39.02;24.00;452
248.00;24.00;450
204.86;24.00;457-1
224.36;24.00;457-2
37.12;24.00;154
20.64;24.00;220
21.28;24.00;445
155.55;24.00;287
130.46;24.00;52-1
68.32;24.00;239-K
23.99;24.00;238-2
16.20;24.00;379-3
16.20;24.00;379-5
4.05;24.00;379-4
72.35;24.00;349
79.71;24.00;232-6
59.81;24.00;454
42.69;24.00;275-5
11.59;24.00;428-2
56.59;24.00;347
99.30;24.00;374-K
20.52;24.00;374-2
20.52;24.00;374-1
32.03;24.00;372
24.00;24.00;371
131.56;24.00;362
12.66;24.00;357
99.49;24.00;23
41.92;24.00;275-19
33.47;24.00;218
78.35;24.00;80
148.85;24.00;55
10.50;24.00;150
60.13;24.00;345
39.39;24.00;303
73.68;24.00;377-4K
14.86;24.00;333-K
7.43;24.00;333
116.48;24.00;294
372.50;24.00;399
149.46;24.00;412-6
149.46;24.00;412-5
21.96;24.00;227-2
10.42;24.00;346
3.92;24.00;436-4
3.92;24.00;436-3
2.80;24.00;436-2
2.80;24.00;436-1
2.80;24.00;436
61.50;24.00;415
149.46;24.00;412
41.33;24.00;408
37.26;24.00;222-2
25.23;24.00;147
14.61;24.00;33
225.57;24.00;18
141.18;24.00;129-3
108.04;24.00;66
73.98;24.00;292
81.68;24.00;377-4-K
5.30;24.00;228
290.62;24.00;254-3
64.51;24.00;285
74.45;24.00;222-K
123.84;24.00;220-K6
12.46;24.00;306-10-K
53.92;24.00;272-K8
59.52;24.00;198-1
88.81;24.00;376
40.28;24.00;231-1
199.48;24.00;351
40.38;24.00;377-2
211.09;24.00;203
9.72;24.00;60-K4
46.20;24.00;365
157.38;24.00;152-K6
147.70;24.00;367-K
8.10;24.00;379-1
12.76;24.00;210
83.40;24.00;137
27.67;24.00;433-1
59.24;24.00;219-K4
17.21;24.00;71
25.36;24.00;47
8.71;24.00;251
35.70;24.00;264
80.62;24.00;363
10.92;24.00;194
78.30;24.00;199
8.10;24.00;379-2
12.96;24.00;252-2
76.54;24.00;430
19.05;24.00;221
148.45;24.00;126
32.73;24.00;246
79.74;24.00;391
49.17;24.00;352
2.31;24.00;49
68.47;24.00;425-2
38.44;24.00;234
58.62;24.00;190
8.54;24.00;297
39.75;24.00;377-4
35.67;24.00;002
34.65;24.00;192
60.52;24.00;198-2
27.92;24.00;327
44.67;24.00;198-3
21.98;24.00;314-K
143.97;24.00;381
33.88;24.00;277
112.48;24.00;200
16.40;24.00;315-K
22.46;24.00;61
60.71;24.00;268
11.01;24.00;120
91.90;24.00;279
36.75;24.00;312
22.72;24.00;358
138.72;24.00;258
60.36;24.00;219-K6
89.50;24.00;155
50.97;24.00;134
37.12;24.00;12
30.28;24.00;225
26.40;24.00;360
189.17;24.00;401
26.65;24.00;411
22.27;24.00;313
40.32;24.00;257
42.63;24.00;273
96.24;24.00;278
32.16;24.00;15-1
41.70;24.00;231
102.64;24.00;326
11.59;24.00;274
31.56;24.00;342
16.29;24.00;316
100.92;24.00;147-k4
105.07;24.00;241-1
44.49;24.00;337
12.42;24.00;008
54.77;24.00;005
12.07;24.00;001
5.04;24.00;16
12.61;24.00;35
38.13;24.00;318
25.78;24.00;4-1
45.38;24.00;20
45.35;24.00;198-4
37.12;24.00;308
28.43;24.00;107-1
36.93;24.00;62
80.19;24.00;380
90.78;24.00;368
199.27;24.00;32-K
23.98;24.00;37
21.56;24.00;59
18.16;24.00;99
29.60;24.00;107
14.84;24.00;115
17.99;24.00;99-1
25.58;24.00;27-K
11.70;24.00;27-2
12.79;24.00;27-1
16.43;24.00;116
17.16;24.00;124
11.80;24.00;124-1
6.02;20.00;167-K
3.01;20.00;167
11.08;24.00;100
60.21;24.00;176
40.78;24.00;181
45.95;24.00;189-K
22.97;24.00;189-2
22.97;24.00;189-1
43.82;24.00;223
28.39;24.00;79
28.80;24.00;78
38.12;24.00;245
337.15;24.00;254-1
30.30;24.00;286
267.18;24.00;344-K
131.78;24.00;344
44.16;24.00;354
34.33;24.00;382
116.99;24.00;384
29.35;24.00;299-2
80.99;24.00;392-K
40.50;24.00;392-2
40.50;24.00;392-1
66.92;24.00;170-K4
8.27;24.00;396
26.12;24.00;19-1
9.54;24.00;397
22.04;24.00;410
149.46;24.00;412-4
149.46;24.00;412-3
149.46;24.00;412-2
149.46;24.00;412-1
52.41;24.00;353
65.32;24.00;416
18.83;24.00;256
42.34;24.00;320
24.20;24.00;46
38.08;24.00;195-K
69.96;24.00;425-1
19.04;24.00;195
68.52;24.00;425
23.38;24.00;426-2
23.38;24.00;426-1
44.34;24.00;426-K
38.23;24.00;82-K
297.44;24.00;291-1
18.97;24.00;82
53.28;24.00;276
22.59;24.00;427
23.04;24.00;437
38.23;24.00;81-K
19.48;24.00;81
23.18;24.00;428-K
11.59;24.00;428-1
86.17;24.00;431
9.19;24.00;422
47.58;24.00;319
10.89;24.00;364-4
10.89;24.00;364-3
10.89;24.00;364-2
7.59;24.00;364-1
14.53;24.00;321-2
14.53;24.00;321-1
51.60;24.00;405
36.56;24.00;196
12.52;24.00;432
141.17;24.00;129
84.90;24.00;310
39.60;24.00;141
9.72;24.00;60
38.14;24.00;402
188.54;24.00;295
51.04;24.00;385-4
50.39;24.00;385-3
41.56;24.00;385-2
24.93;24.00;230-K
15.82;24.00;230-2
15.82;24.00;230-1
64.55;24.00;232-2
54.61;24.00;232-1
46.55;24.00;232-5
27.39;24.00;369
71.50;24.00;398
14.05;24.00;298
17.38;24.00;280
13.39;24.00;169-K
14.80;24.00;227-1
166.46;24.00;52
94.17;24.00;361
193.17;20.00;417
287.36;24.00;70-K
143.68;24.00;70
74.10;24.00;343
28.67;24.00;53
78.36;24.00;403
49.72;24.00;413
59.40;24.00;341
25.17;24.00;324
53.92;24.00;241
37.26;24.00;222-1
29.35;24.00;299-1
20.30;24.00;214
39.90;24.00;105
77.83;24.00;407
34.16;24.00;239-2
34.16;24.00;239-1
100.58;24.00;158
77.33;24.00;44-1
82.48;24.00;406
250.44;24.00;290
