sku,titulo_turbo,preco_turbo,status_turbo,loja_sync,last_update,id_bling,nome_bling,situacao_bling,saldo_loja,saldo_full
shopee-377-4-k,,,,Deckas,29/01/2026 08:24,16595356653.0,2 Luz Lâmpada Subaquática 27 Leds Super Potência Barco Lancha Azul,A,18.0,51.0
shopee-377-4,,,,Deckas,29/01/2026 08:24,16595342512.0,Luz Lâmpada Subaquática 27 Leds Super Potência Barco Lancha Cor: Azul,A,37.0,102.0
T2023,,,,Deckas,29/01/2026 08:24,16595330723.0,"Cortador De Isopor, Acetato, Espuma Elétrico Lamina 15cm Nfe",A,0.0,0.0
shopee-377-2,,,,Deckas,29/01/2026 08:24,16595328729.0,Luz Lâmpada Subaquática 27 Leds Super Potência Barco Lancha Cor: Branco,A,73.0,100.0
T1181-1,,,,Deckas,29/01/2026 08:24,16595312864.0,Fechadura Digital Biométrica Eletrônica Touch Biometria App,A,0.0,0.0
shopee-374-2,,,,Deckas,29/01/2026 08:24,16595307111.0,Grade De Luz De Nevoeiro Inferior Lado: Esquerdo,A,2.0,100.0
shopee-374-1,,,,Deckas,29/01/2026 08:24,16595302006.0,Grade De Luz De Nevoeiro Inferior Lado: Direito,A,2.0,100.0
T1197,,,,Deckas,29/01/2026 08:24,16595297988.0,Dispenser Bebidas Parede Uai Mineirinho Bar Butler Aluminio 4 Garrafas,A,0.0,0.0
1-257-5,,,,Deckas,29/01/2026 08:24,16594498492.0,Puxador Interno Porta Bmw 528i 535i 550i M5 Bege,A,11.0,3.0
1-20,,,,Deckas,29/01/2026 08:24,16594441935.0,Sensor Nível Combustível 3m519a299aa,A,32.0,103.0
1-107,,,,Deckas,29/01/2026 08:24,16594109346.0,Manopla Bola Câmbio,A,37.0,0.0
2-342,,,,Deckas,29/01/2026 08:24,16594035778.0,Marcador Medidor Sensor Nível Combustível Digital Universal,A,1005.0,134.0
1-189,,,,Deckas,29/01/2026 08:24,16590488812.0,Amortecedor Mola Gás Tampa Caçamba Lado: Direito,A,14.0,107.0
2-189,,,,Deckas,29/01/2026 08:24,16590481789.0,Amortecedor Mola Gás Tampa Caçamba Lado: Direito,A,41.0,101.0
4-124,,,,Deckas,29/01/2026 08:24,16590242509.0,Espanta Cachorro Repelente Eletrônico Preto,A,1.0,103.0
3-124,,,,Deckas,29/01/2026 08:24,16590237243.0,Espanta Cachorro Repelente Eletrônico Preto,A,1.0,103.0
2-124,,,,Deckas,29/01/2026 08:24,16590227868.0,Espanta Cachorro Repelente Eletrônico Preto,A,1.0,103.0
T253,,,,Deckas,29/01/2026 08:24,16580624727.0,Chave Geral Terminal Corta Corrente para Bateria de moto Jet Ski 12v,A,0.0,0.0
T9,,,,Deckas,29/01/2026 08:24,16580587216.0,Chave Geral Automotiva 12v 24v para baterias de Carro Barco Jeep Interruptor corta corrente 2 chavetas a prova d'agua,A,0.0,0.0
TT66,,,,Deckas,29/01/2026 08:24,16580573513.0,Carburador Roçadeira Stihl Fs75 Fs80 Fs85 Fr85,A,0.0,0.0
T1100,,,,Deckas,29/01/2026 08:24,16580520871.0,Indicador De Consumo Wattímetro Voltímetro Amperímetro 100a,A,5.0,0.0
254-1-Refil,,,,Deckas,29/01/2026 08:24,16572835795.0,Reposição para Bomba Gasolina LR057235,A,0.0,0.0
167-2K,,,,Deckas,29/01/2026 08:24,16568647769.0,Válvula Extensor Bico Pneu Moto Carro Bike 135 Grau Reforçado,A,149.0,0.0
167-1K,,,,Deckas,29/01/2026 08:24,16568587858.0,Par Válvula Extensor Bico Pneu Moto Carro Bike 45 Grau Reforçado,A,143.0,0.0
T351,,,,Deckas,29/01/2026 08:24,16565915614.0,Antena Shark tubarão receptiva am fm Compatível com Honda New Civic City Azera Elantra Hb20s Sedan Peugeot Corolla,A,0.0,0.0
T200,,,,Deckas,29/01/2026 08:24,16565849187.0,Par Meias de Compressão Alívio para dores calcanhar tornozelo pés inchados dores torção fascite plantar,A,0.0,0.0
TJ076,,,,Deckas,29/01/2026 08:24,16565202820.0,Joelheira 3d Com Silicone Patelar E Espiral De Estabilidade,A,0.0,0.0
T2055,,,,Deckas,29/01/2026 08:24,16565101117.0,Rotulador Manual Tex Preto Rotuladora Etiquetadora E101,A,0.0,0.0
T2064,,,,Deckas,29/01/2026 08:24,16564602066.0,Maquina Spa Facial Vapor Ozônio Limpeza Da Pele E Capilar,A,0.0,0.0
T469,,,,Deckas,29/01/2026 08:24,16564574602.0,Atuador Inteligente Wifi Válvula Registro Água E Gás Alexa,A,0.0,0.0
T442,,,,Deckas,29/01/2026 08:24,16564571762.0,Macaco Pneumático Tipo Bolsa 3 Gomos - 3 Toneladas,A,0.0,0.0
T15-0,,,,Deckas,29/01/2026 08:24,16564551974.0,Carteira Organizadora porta objetos veicular quebra sol para óculos documentos papel caneta carro dinheiro cartão,A,5.0,0.0
T359,,,,Deckas,29/01/2026 08:24,16564550707.0,Micrômetro digital medidor de espessura especímetro com bateria,A,0.0,0.0
T355,,,,Deckas,29/01/2026 08:24,16563571843.0,Bico Para Graxeira Pistola De Graxa Aplicador Profissional conector acoplador engraxadeira,A,3.0,0.0
T3013,,,,Deckas,29/01/2026 08:24,16563561705.0,"Esticador Tensionador Catraca Arquear Fita Pet 13, 16 E 19mm",A,0.0,0.0
T2028,,,,Deckas,29/01/2026 08:24,16563558955.0,Alto Falante Macbook Retina A1502 2013 2014 2015 Speaker,A,0.0,0.0
T3011,,,,Deckas,29/01/2026 08:24,16563554125.0,Economizador Redutor Carga De Energia Elétrica Diário,A,0.0,0.0
T200SM,,,,Deckas,29/01/2026 08:24,16563479413.0,Par Meias de Compressão Alívio para dores calcanhar tornozelo pés inchados dores torção fascite plantar,A,0.0,0.0
TJ129,,,,Deckas,29/01/2026 08:24,16563458434.0,Adaptador P/ Até 8 Controles Sem Fio Xbox One P/ Pc Wireless,A,0.0,0.0
T2073,,,,Deckas,29/01/2026 08:24,16563448163.0,Tarrachas Em Linha P/ Guitarra Com Travas Padrão Eua,A,0.0,0.0
T360,,,,Deckas,29/01/2026 08:24,16563423012.0,Saca Rolamentos Extrator 3 Garras 1/2 Meia Pol 12 A 38mm Universal,A,5.0,0.0
T154-3,,,,Deckas,29/01/2026 08:24,16563417233.0,Kit 3un Torneira Registro Combustível Gerador Universal,A,0.0,0.0
TJ142,,,,Deckas,29/01/2026 08:24,16561307187.0,Switch Fibra 6fo + 2 Utp Rj45 P/ Ptp Ou Ftth Metro 6 Portas,A,5.0,0.0
TJ162,,,,Deckas,29/01/2026 08:24,16561300797.0,Máquina De Solda Plástico Grampeador Quente 70w Parachoque,A,0.0,0.0
TJ101,,,,Deckas,29/01/2026 08:24,16561294678.0,Calcanheira Gel Ortopédica Fascite Plantar Esporao Calcaneo,A,5.0,0.0
TJ192,,,,Deckas,29/01/2026 08:24,16561294032.0,Simulador De Movimento De Mouse Mouse Jiggler Usb Mouse Move,A,0.0,0.0
TJ190,,,,Deckas,29/01/2026 08:24,16561293423.0,Hub Adaptador Usb-c Ugreen 6 Em 2 Para Macbook Air E Pro 4k,A,0.0,0.0
TT61,,,,Deckas,29/01/2026 08:24,16561289277.0,Diodo Retificador KBPC5010,A,5.0,0.0
167-2,,,,Deckas,29/01/2026 08:24,16559941484.0,Válvula Extensor Bico Pneu Moto Carro Bike 135 Grau Reforçado,A,298.0,0.0
167-1,,,,Deckas,29/01/2026 08:24,16559940299.0,Válvula Extensor Bico Pneu Moto Carro Bike 45 Grau Reforçado,A,287.0,0.0
T2098,,,,Deckas,29/01/2026 08:24,16559885282.0,Cabo do acelerador do cabo do gatilho tubo da roçadeira 19mm universal,A,3.0,0.0
T1109,,,,Deckas,29/01/2026 08:24,16559884000.0,Reparo Carburador Roçadeira Sth Modelo Zam. Fs160/220//,A,5.0,0.0
T1054,,,,Deckas,29/01/2026 08:24,16559883154.0,Avr Sx460 Regulador Módulo Gerador Tensão,A,5.0,0.0
T1090,,,,Deckas,29/01/2026 08:24,16559882675.0,"Acelerador (punho) Bicicleta , Scooter",A,5.0,0.0
T2007,,,,Deckas,29/01/2026 08:24,16559881996.0,Chave Regulagem Carburador Motor 2 tempos,A,0.0,0.0
T2032,,,,Deckas,29/01/2026 08:24,16559881221.0,Captador + Eq. 4 Bandas - Eq 7545r P/ Violão Aço Ou Nylon,A,0.0,0.0
T2034,,,,Deckas,29/01/2026 08:24,16559879750.0,Captador De Contato Piezo Cristal Violão Viola Ukulele,A,0.0,0.0
T1182,,,,Deckas,29/01/2026 08:24,16559878927.0,Maçarico Portátil Gourmet Culinário Profissional,A,0.0,0.0
T1051,,,,Deckas,29/01/2026 08:24,16559877453.0,GERADOR DE OZONIO 110V,A,5.0,0.0
T1176,,,,Deckas,29/01/2026 08:24,16559875809.0,Lâmpadas Para Projetor Eps.,A,5.0,0.0
T1110,,,,Deckas,29/01/2026 08:24,16559874724.0,Vela Os N 8 Auto modelos E Aeromodelos Glow Plug Original,A,5.0,0.0
T1177,,,,Deckas,29/01/2026 08:24,16559873319.0,Lâmpada Projetor,A,5.0,0.0
T1111,,,,Deckas,29/01/2026 08:24,16559871938.0,Carburador Roçadeira Stihl Fs75 Fs80 Fs85 Fr85,A,1.0,0.0
T1152,,,,Deckas,29/01/2026 08:24,16559870910.0,Equalizador 5 Bandas Viola E Violão Captador Equalizador,A,5.0,0.0
T1077,,,,Deckas,29/01/2026 08:24,16559869549.0,Caneta Para Limpeza Sc Conectores Ópticos Fibra Optica 2.5m,A,5.0,0.0
T362,,,,Deckas,29/01/2026 08:24,16557614143.0,Extensor Adaptador para furadeira Cortador de Chapas Ferro Alumínio Cobre Aço Galvanizado dutos,A,5.0,0.0
T341,,,,Deckas,29/01/2026 08:24,16557612337.0,Termômetro Para Forno A Lenha Estufa Smoker Churrasqueira,A,4.0,0.0
T509,,,,Deckas,29/01/2026 08:24,16556352094.0,"Tensiômetro elástico de correia dentada 2gt, testador de tensão de correia síncrona p bambu lab x1/p1 para creality K1",A,0.0,0.0
T506,,,,Deckas,29/01/2026 08:24,16556349859.0,"Tubo Guia Conduíte Mangueira PTFE 1,0m para filamento de Impressora 3D 4mm",A,3.0,0.0
T340,,,,Deckas,29/01/2026 08:24,16556346940.0,kit de agulhas mágicas costura 12 unidades com lindo estojo,A,2.0,0.0
340,,,,Deckas,29/01/2026 08:24,16556343669.0,kit de agulhas mágicas costura 12 unidades com lindo estojo,A,0.0,0.0
T168,,,,Deckas,29/01/2026 08:24,16556340055.0,Torneira Registro Combustível Moto Carro Gerador Universal 8 mm,A,5.0,0.0
T137,,,,Deckas,29/01/2026 08:24,16556328604.0,Óculos Jovem Fotocromático 100% Polarizado Lente Inteligente para dirigir,A,0.0,0.0
T539,,,,Deckas,29/01/2026 08:24,16556317670.0,Torneira Vintage Preta Black retrô classica Para Jardim Lavabo Pia Bico Mangueira,A,5.0,0.0
D96A-Determinar,,,,Deckas,29/01/2026 08:24,16549549491.0,Coroa Bcd 96A-Determinar,A,0.0,0.0
D9496-Determinar,,,,Deckas,29/01/2026 08:24,16549428450.0,Coroa Bcd 94/96 Determinar,A,0.0,0.0
D104-Determinar,,,,Deckas,29/01/2026 08:24,16543080062.0,Coroa Bcd 104mm Determinar,A,-1.0,0.0
417-2,,,,Deckas,29/01/2026 08:24,16512942254.0,Tampa do Radiador De Arrefecimento 1301100U8160,A,480.0,0.0
454,,,,Deckas,29/01/2026 08:24,16512889403.0,Botão Freio Mão Honda Civic 2016 2017 2018 2020 2021,A,36.0,0.0
DGC,,,,Deckas,29/01/2026 08:24,16512704914.0,Guia de correntes Deckas MTB de 30 a 40 dentes,A,0.0,0.0
DSHI,,,,Deckas,29/01/2026 08:24,16512692660.0,Coroa Unica 30 32 34 36 38 Dentes Narrow Wide DM SHI,A,0.0,0.0
DSRAM,,,,Deckas,29/01/2026 08:24,16512688254.0,Coroa Unica 30 32 34 36 38 Dentes Narrow Wide DM SRAM,A,0.0,0.0
D9496-O,,,,Deckas,29/01/2026 08:24,16512685637.0,Coroa Unica OVAL 32 34 36 38 Dentes Narrow Wide Bcd 94-96mm,A,0.0,0.0
D9496,,,,Deckas,29/01/2026 08:24,16512684462.0,Coroa Unica 32 34 36 38 Dentes Narrow Wide Bcd 94-96mm,A,0.0,0.0
D96A-O,,,,Deckas,29/01/2026 08:24,16512682019.0,Coroa Unica OVAL 32 34 36 38 Dentes Narrow Wide Bcd 96mm,A,0.0,0.0
D96A,,,,Deckas,29/01/2026 08:24,16512681440.0,Coroa Unica 32 34 36 38 Dentes Narrow Wide Bcd 96mm,A,0.0,0.0
D104-O,,,,Deckas,29/01/2026 08:24,16512679941.0,Coroa Unica OVAL 32 34 36 38 Dentes Narrow Wide Bcd 104mm,A,0.0,0.0
331-1-K,,,,Deckas,29/01/2026 08:24,16510136841.0,Par Cinto Anti Alarme para  Toyota RAV4 Adaptador Cinto Segurança,A,10.0,0.0
331-1,,,,Deckas,29/01/2026 08:24,16510133016.0,Cinto Anti Alarme para Totota RAV4 Adaptador Cinto Segurança,A,20.0,0.0
307-K,,,,Deckas,29/01/2026 08:24,16508808579.0,Carcaça Válvula Termostática + Chicote + Sensor 308 3008 408 C4 Ds3 1.6 Thp,A,0.0,0.0
473,,,,Deckas,29/01/2026 08:24,16491586492.0,"Manta Anti Chama Fire Blanket 1,20 X 1,80 M",A,0.0,1.0
458,,,,Deckas,29/01/2026 08:24,16434975319.0,Grade+Frizo+Emblema do para choque 71121-T9A-T00,A,0.0,0.0
417-1,,,,Deckas,29/01/2026 08:24,16387568426.0,Radiador De Arrefecimento 1301100U8160 S/ Tampa,A,0.0,0.0
464-K10,,,,Deckas,29/01/2026 08:24,16375574179.0,Válvula Retenção Horizontal Metal 3/4 Latão Portinhola 2un,A,0.0,0.0
464-K5,,,,Deckas,29/01/2026 08:24,16375574135.0,Válvula Retenção Horizontal Metal 3/4 Latão Portinhola 2un,A,0.0,0.0
464-K3,,,,Deckas,29/01/2026 08:24,16375574111.0,Válvula Retenção Horizontal Metal 3/4 Latão Portinhola 2un,A,0.0,0.0
464-K,,,,Deckas,29/01/2026 08:24,16375574047.0,Válvula Retenção Horizontal Metal 3/4 Latão Portinhola 2un,A,0.0,0.0
458-3,,,,Deckas,29/01/2026 08:24,16373648649.0,Emblema do parachoque 71121-T9A-T00,A,0.0,0.0
422-K,,,,Deckas,29/01/2026 08:24,16366033233.0,Disco Enxada Rotativa Roçadeira Capina Grama Universal 2 Un,A,0.0,53.0
444-3K-3,,,,Deckas,29/01/2026 08:24,16365613042.0,Kit Lâminas 2 un + Masca Epi Para Roçadeira Rotativa - Lâmina Canivete + Disco Enxada,A,0.0,1.0
444-K3-2,,,,Deckas,29/01/2026 08:24,16365612066.0,Kit Lâminas 2 un + Masca Epi Para Roçadeira Rotativa - Escova de Aço + Lâmina Canivete,A,0.0,1.0
444-K3-1,,,,Deckas,29/01/2026 08:24,16365608170.0,Kit Lâminas 2 un + Masca Epi Para Roçadeira Rotativa - Disco Enxada + Escova de Aço,A,0.0,1.0
444-K2-3,,,,Deckas,29/01/2026 08:24,16365434257.0,Kit Lâminas 2 un Para Roçadeira Rotativa - Lâmina Canivete + Disco Enxada,A,0.0,2.0
444-K2-2,,,,Deckas,29/01/2026 08:24,16365433565.0,Kit Lâminas 2 un Para Roçadeira Rotativa - Escova de Aço + Lâmina Canivete,A,0.0,2.0
444-K2-1,,,,Deckas,29/01/2026 08:24,16365432242.0,Kit Lâminas 2 un Para Roçadeira Rotativa - Disco Enxada + Escova de Aço,A,0.0,28.0
444-K3,,,,Deckas,29/01/2026 08:24,16356586066.0,Kit Lâminas 3 un Para Roçadeira Rotativa - Disco Enxada + Escova de Aço + Lâmina Canivete,A,0.0,2.0
459,,,,Deckas,29/01/2026 08:24,16349703268.0,Filtro Eliminador Regulador Ar Agua Oleo Compressor 1/4,A,23.0,104.0
461,,,,Deckas,29/01/2026 08:24,16349694073.0,Conector Terminal Bateria C/ Engate Rápido Carro Par,A,0.0,0.0
464,,,,Deckas,29/01/2026 08:24,16349690107.0,Válvula Retenção Horizontal Metal 3/4 Latão Portinhola,A,0.0,0.0
460,,,,Deckas,29/01/2026 08:24,16349683007.0,Bomba Submersa 12v Transferência Óleo Diesel Água,A,0.0,0.0
446,,,,Deckas,29/01/2026 08:24,16349673402.0,Talha Manual Deckas - 1 Tonelada - 10 Metros,A,1.0,14.0
443,,,,Deckas,29/01/2026 08:24,16349667194.0,"2 Controles Remotos Ponte Rolante, Guincho, Talha",A,3.0,15.0
307-2,,,,Deckas,29/01/2026 08:24,16342439006.0,Chicote da Carcaça Válvula Termostática 308 3008 408 C4 Ds3 1.6 Thp,A,5.0,0.0
458-K,,,,Deckas,29/01/2026 08:24,16335909292.0,Grade+Frizo do para choque 71121-T9A-T00,A,19.0,0.0
308-1,,,,Deckas,29/01/2026 08:24,16328122361.0,Capa Maçaneta cromada para Toyota Corolla 2015 Á 2019,A,14.0,0.0
472,,,,Deckas,29/01/2026 08:24,16328117235.0,Esteira Câmbio Automático Audi A8 Guarda Pó 4e1713187a,A,0.0,0.0
456,,,,Deckas,29/01/2026 08:24,16312932953.0,Alavanca Do Freio De Mão Jac J3 2010 Até 2013,A,19.0,0.0
18-Refil,,,,Deckas,29/01/2026 08:24,16312931676.0,Reposição para Bomba Gasolina 0986580951,A,4.0,0.0
18-Tubo,,,,Deckas,29/01/2026 08:24,16312930774.0,Reposição para Bomba Gasolina 0986580951,A,5.0,0.0
439,,,,Deckas,29/01/2026 08:24,16312925449.0,Coletor De Admissão Jeep Compass Fiat Renegade Toro Diesel,A,0.0,1.0
438,,,,Deckas,29/01/2026 08:24,16312921786.0,Máscara Facial Transparente Anti-embaçante Roçadeira Olhos,A,0.0,1.0
441,,,,Deckas,29/01/2026 08:24,16312911113.0,"Sensor (tr) Posição Cambio Powershift Fiesta, Focus Ecosport",A,0.0,0.0
440,,,,Deckas,29/01/2026 08:24,16312900934.0,Sensor Fluxo Ar Frontier 2.5 16v 2008 2009 2010 2011 2012,A,0.0,0.0
437,,,,Deckas,29/01/2026 08:24,16312895148.0,Estator Dafra Speed 150 Sundown Hunter Max 125 Kansas 150,A,0.0,106.0
435-1,,,,Deckas,29/01/2026 08:24,16304660895.0,Pisca Retrovisor Hyundai Ix35 Lado Direito,A,0.0,0.0
458-1,,,,Deckas,29/01/2026 08:24,16288971948.0,Grade do para choque 71121-T9A-T00,A,82.0,120.0
458-2,,,,Deckas,29/01/2026 08:24,16288951105.0,Frizo Cromado para choque 71121-T9A-T00,A,19.0,0.0
457,,,,Deckas,29/01/2026 08:24,16288944751.0,Grade para choque para Mercedes-Benz C180 C200 C250 C300 | Ano 2015 a 2018,A,0.0,0.0
449-K,,,,Deckas,29/01/2026 08:24,16288938887.0,Kit Grade Superior E Inferior Cruze 2010 A 2014 Friso Cromado,A,48.0,0.0
449,,,,Deckas,29/01/2026 08:24,16288933482.0,Grade Superior E Inferior Cruze 2010 A 2014 Friso Cromado,A,0.0,0.0
448,,,,Deckas,29/01/2026 08:24,16288929222.0,Console Do Teto Com Porta Oculos Ranger 2013 2014 2015 Ford,A,0.0,107.0
452,,,,Deckas,29/01/2026 08:24,16288922735.0,Reservatório Direção Hidraúlica Ford Fiesta 2S653R700BF,A,150.0,0.0
451-K,,,,Deckas,29/01/2026 08:24,16288913849.0,Par da Bandeja Dianteira Fusion 2013 2014 2015 2016 2017,A,470.0,101.0
451,,,,Deckas,29/01/2026 08:24,16288900002.0,Bandeja Dianteira Fusion 2013 2014 2015 2016 2017,A,0.0,0.0
450,,,,Deckas,29/01/2026 08:24,16288894033.0,Bomba De Direção Hidráulica Peugeot 206 / 207,A,145.0,94.0
445,,,,Deckas,29/01/2026 08:24,16288406055.0,Caixa Segredo Mini Cofre Porta Guarda Chave Senha Alterável Cor Preto,A,0.0,100.0
239-K,,,,Deckas,29/01/2026 08:24,16283309718.0,Olho De Gato Refletor Para-choque Traseiro Bmw 320i Par,A,3.0,0.0
52-1,,,,Deckas,29/01/2026 08:24,16271415735.0,Motor Arranque Partida Ktm 2 Tempo 250 300 17-20,A,15.0,0.0
434,,,,Deckas,29/01/2026 08:24,16257626724.0,Atuador Motor Trava Fechadura Porta Malas Ecosport 2013-2020,A,0.0,0.0
436-K,,,,Deckas,29/01/2026 08:24,16249148589.0,"Kit Adaptador Luva Roçadeira De Enxada Rotativa Cardan 9 estrias, 7 estrias, Quadrado 6mm, Quadrado 5,5mm",A,14.0,0.0
436,,,,Deckas,29/01/2026 08:24,16249140302.0,Adaptador Luva Cardan Roçadeira De Enxada Rotativa Arador,A,0.0,0.0
407-2,,,,Deckas,29/01/2026 08:24,16236636081.0,Relógio Temperatura Umidade Termo-higrômetro Digital,A,0.0,0.0
Estorno de Crédito ICMS,,,,Deckas,29/01/2026 08:24,16220338908.0,Estorno de crédito do ICMS (Sete Mil Trezentos e Cinquenta e Três Reais e Oitenta e Cinco Centavos),A,0.0,0.0
426,,,,Deckas,29/01/2026 08:24,16215939173.0,Seta Pisca Retrovisor Led Sequencial para Golf Gti Mk7 Jetta Gli,A,0.0,0.0
428,,,,Deckas,29/01/2026 08:24,16215760506.0,Guia Farol Dianteiro HR-V 2016-2018,A,0.0,0.0
uso/consumo,,,,Deckas,29/01/2026 08:24,16205520344.0,Material de Uso e Consumo,A,0.0,0.0
427,,,,Deckas,29/01/2026 08:24,16195391225.0,Pisca Lateral Lanterna Golf Amarok Polo Passat Bora Seta Vw,A,148.0,2.0
433,,,,Deckas,29/01/2026 08:24,16181659251.0,"Painel Ripado De Madeira Ecológica 290x16x2,5 Cm Wpc Parede",A,0.0,0.0
432,,,,Deckas,29/01/2026 08:24,16163904706.0,Escova De Aço Para Roçadeira Profissional Universal,A,0.0,28.0
431,,,,Deckas,29/01/2026 08:24,16161254016.0,Grade Dianteira Corolla 2017 2018 2019 Cromada,A,20.0,23.0
430,,,,Deckas,29/01/2026 08:24,16161186882.0,Grade Dianteira Corolla 2015 2016 2017 Cromada Com Emblema,A,123.0,104.0
426-K,,,,Deckas,29/01/2026 08:24,16161057949.0,Seta Pisca Retrovisor Led Sequencial Golf Gti Mk7 Jetta Gli,A,47.0,0.0
428-K,,,,Deckas,29/01/2026 08:24,16160118611.0,Par Guia Farol Dianteiro Dianteiro Hr-v  2015 2016 2017 20,A,67.0,107.0
44-K6,,,,Deckas,29/01/2026 08:24,16140970203.0,Jogo 6 Vela Ignição Iridium Izfr6h11,A,0.0,1.0
44-K,,,,Deckas,29/01/2026 08:24,16140969779.0,Kit 2 Velas Ignição Iridium Izfr6h11,A,1.0,3.0
429,,,,Deckas,29/01/2026 08:24,16136528206.0,Esteira Alavanca Câmbio Mitsubishi L200 Triton Pajero Dakar,A,0.0,1.0
425-2,,,,Deckas,29/01/2026 08:24,16133544737.0,Mangueira Intercooler Admissão Ford Ranger 3.2 Ab396k683bf,A,0.0,99.0
425-1,,,,Deckas,29/01/2026 08:24,16133541239.0,Mangueira Intercooler Nova Ranger 3.2 Ab396k683be / DD,A,31.0,112.0
425,,,,Deckas,29/01/2026 08:24,16133538378.0,Mangueira Intercooler Ford Ranger 2.2 Alta Performance Silicone AB396K683CE,A,1.0,107.0
Servico,,,,Deckas,29/01/2026 08:24,16124447455.0,Serviços Tomados,A,0.0,0.0
ICMS,,,,Deckas,29/01/2026 08:24,16100281759.0,NFe Complementar de ICMS Referente NFe,A,0.0,0.0
424-K8,,,,Deckas,29/01/2026 08:24,16097313802.0,Jogo 8 Velas Acdelco Iridium Volvo Penta 12568387 / 41-101,A,0.0,0.0
424-K6,,,,Deckas,29/01/2026 08:24,16097310691.0,Jogo 6 Velas Acdelco Iridium Volvo Penta 12568387 / 41-101,A,0.0,0.0
424,,,,Deckas,29/01/2026 08:24,16097307011.0,1 Und Vela Acdelco Iridium Volvo Penta 12568387 / 41-101,A,0.0,0.0
2424,,,,Deckas,29/01/2026 08:24,16083129607.0,Snorkel Mitsubishi L200 Bola Outdoor 100% Em Fibra De Vidro,A,0.0,0.0
415,,,,Deckas,29/01/2026 08:24,16078549656.0,Tela Touch Screen Multimídia A211216702,A,172.0,108.0
422,,,,Deckas,29/01/2026 08:24,16073878078.0,Disco Enxada Rotativa Roçadeira Capina Grama Universal,A,0.0,107.0
151-K8,,,,Deckas,29/01/2026 08:24,16073682544.0,Jogo Vela Ignição Bmw Iiridium ZR5TPP33 (8Unidades),A,-1.0,0.0
291-1,,,,Deckas,29/01/2026 08:24,16052734169.0,Módulo Placa De Fusíveis Bateria Peugeot 3008 Citroen C4,A,42.0,103.0
418,,,,Deckas,29/01/2026 08:24,16041417156.0,Cinzeiro Vw Golf Sapão 1j0857962h,A,0.0,0.0
417,,,,Deckas,29/01/2026 08:24,16025909699.0,Radiador De Arrefecimento 1301100U8160,A,169.0,114.0
416,,,,Deckas,29/01/2026 08:24,15978796985.0,Friso Cromado Moldura Grade Civic,A,109.0,125.0
413,,,,Deckas,29/01/2026 08:24,15964339684.0,Válvula Reguladora de Pressão - 3/4 Deckas 9666,A,0.0,106.0
412,,,,Deckas,29/01/2026 08:24,15959153449.0,Enxada Rotativa Aradora Para Roçadeiras 360mm ST178,A,0.0,0.0
411,,,,Deckas,29/01/2026 08:24,15959153448.0,Carburador PZ19 CB0005G,A,506.0,106.0
32-1,,,,Deckas,29/01/2026 08:24,15946148539.0,Radiador Honda Cb 600 Hornet 2005 2006 2007,A,0.0,0.0
158-1,,,,Deckas,29/01/2026 08:24,15938249521.0,Sensor Pressão Flauta 0281002908,A,0.0,0.0
410,,,,Deckas,29/01/2026 08:24,15938223621.0,Mangueira Filtro De Ar Tbi 17225-r1a-a01,A,166.0,105.0
275-19,,,,Deckas,29/01/2026 08:24,15937894814.0,Puxador Interno Porta Bmw 528i 535i 550i M5 Oyster,A,14.0,0.0
178-K,,,,Deckas,29/01/2026 08:24,15937859298.0,Ponteira Escapamento Cromada Inox par,A,0.0,0.0
99-1,,,,Deckas,29/01/2026 08:24,15934600904.0,Calibrador Sincronizador Sensor Tpms EL-50448,A,68.0,147.0
241-1,,,,Deckas,29/01/2026 08:24,15931894425.0,Suporte Celular BMW Gs1200 1250 F850 Xr 1000 Por Indução,A,71.0,101.0
305-K,,,,Deckas,29/01/2026 08:24,15915976957.0,Led Parafuso Olho De Águia Carro Moto 18mm - 1 Par,A,0.0,0.0
305,,,,Deckas,29/01/2026 08:24,15915975213.0,Led Parafuso Olho De Águia Carro Moto 18mm,A,0.0,0.0
408,,,,Deckas,29/01/2026 08:24,15911706941.0,Kit 415 Presilhas Grampos Fixadores Automotivo Carro + Chave,A,8.0,0.0
270-K,,,,Deckas,29/01/2026 08:24,15911324812.0,Mangueira Ar Quente Superior Citroen C4 Ds4 Ds5 Thp O Par,A,0.0,0.0
60-K,,,,Deckas,29/01/2026 08:24,15899674302.0,Emblema Lateral Bmw F800 Gs 1200 Aluminium 1 Und + Brind,A,0.0,0.0
Bico para Válvula,,,,Deckas,29/01/2026 08:24,15899670068.0,Bicos para válvula BMW,A,1.0,0.0
409,,,,Deckas,29/01/2026 08:24,15894388764.0,Adaptador Receptor Wireless Usb Wi-fi 5ghz Dual Band,A,0.0,0.0
384,,,,Deckas,29/01/2026 08:24,15890214826.0,Mangueira Intercooler Turbina 144635X02B 144635X00B 144635X04B,A,204.0,16.0
407,,,,Deckas,29/01/2026 08:24,15887378086.0,Sensor De Temperatura E Umidade Wi-fi - Alexa E Google Home,A,0.0,0.0
396,,,,Deckas,29/01/2026 08:24,15882973599.0,Kit 100 Presilhas Grampos Fixadores Carro Veiculo Parabarro GN1667,A,112.0,108.0
406,,,,Deckas,29/01/2026 08:24,15882372606.0,Tampa Combustível Z750 Z800 Z1000,A,114.0,5.0
404,,,,Deckas,29/01/2026 08:24,15881076816.0,Mangueira De Retorno Dos Bicos A6460700932 6460700932,A,0.0,0.0
399,,,,Deckas,29/01/2026 08:24,15880498420.0,Radiador 20S-12461-01-00,A,0.0,0.0
402,,,,Deckas,29/01/2026 08:24,15878848660.0,Botão Comando 6554.WA,A,0.0,100.0
401,,,,Deckas,29/01/2026 08:24,15878801404.0,Botão Comando 98053439,A,71.0,99.0
403,,,,Deckas,29/01/2026 08:24,15878739013.0,Comando Botão Vidro Eletrico  20455317,A,0.0,104.0
405,,,,Deckas,29/01/2026 08:24,15878641227.0,Botão Vidro Eletrico 94728492,A,35.0,109.0
397,,,,Deckas,29/01/2026 08:24,15876970848.0,Kit 100 Presilhas Grampos Fixadores Carro Veiculo Parabarro Com Caixa GN1667,A,717.0,3.0
398,,,,Deckas,29/01/2026 08:24,15876562061.0,Botão Comando Vidro 254000015r,A,77.0,1.0
395,,,,Deckas,29/01/2026 08:24,15870767178.0,Filtro da Bomba de Combustível 3M519h307LP,A,0.0,0.0
386,,,,Deckas,29/01/2026 08:24,15861312948.0,Tapete Bandeja Protetor Porta Malas Vw. T-cross Sense - Pcd,A,0.0,0.0
387,,,,Deckas,29/01/2026 08:24,15860170677.0,Vw T-cross Tapete Bandeja Protetor De Porta Malas,A,0.0,0.0
392-K,,,,Deckas,29/01/2026 08:24,15858076639.0,Par Amortecedor Tampa Da Caçamba Traseira Gun125 2016 2022,A,0.0,100.0
392,,,,Deckas,29/01/2026 08:24,15858076289.0,Amortecedor Tampa Da Caçamba Traseira Gun125 2016 2022,A,0.0,0.0
365,,,,Deckas,29/01/2026 08:24,15854931613.0,Flange Da Bomba Combustivel Tampa Focus 2.0 16v,A,0.0,1.0
733-K100,,,,Deckas,29/01/2026 08:24,15853202594.0,3 Chave Geral Bateria Carro Moto Barco Caminhão Universal,A,0.0,0.0
733-K3,,,,Deckas,29/01/2026 08:24,15853197323.0,3 Chave Geral Bateria Carro Moto Barco Caminhão Universal,A,0.0,0.0
733-K,,,,Deckas,29/01/2026 08:24,15853195584.0,2 Chave Geral Bateria Carro Moto Barco Caminhão Universal,A,0.0,0.0
391,,,,Deckas,29/01/2026 08:24,15852754678.0,Ventosa Manual 200kg,A,17.0,100.0
219-K6,,,,Deckas,29/01/2026 08:24,15851317723.0,Jogo 6 Velas Ignição SILZKR7B11,A,0.0,0.0
170-K4,,,,Deckas,29/01/2026 08:24,15850548179.0,Jogo De Velas Ignição 4un 9091901164,A,0.0,0.0
394,,,,Deckas,29/01/2026 08:24,15848749918.0,Trava Presília Mangueira Intercooler,A,0.0,0.0
393,,,,Deckas,29/01/2026 08:24,15848746885.0,Anel Vedação Da Mangueira Intercooler,A,0.0,0.0
388,,,,Deckas,29/01/2026 08:24,15846440389.0,Jeep Renegade Tapete Bandeja Protetor De Porta Malas,A,0.0,0.0
306-K,,,,Deckas,29/01/2026 08:24,15841561068.0,Led Parafuso Olho De Águia Carro Moto 23mm - 1 Par,A,0.0,0.0
44-K4,,,,Deckas,29/01/2026 08:24,15838863690.0,Jogo 4 Vela Ignição Iridium Izfr6h11,A,0.0,1.0
149-K4,,,,Deckas,29/01/2026 08:24,15838813484.0,Jogo Velas de Ignição Ngk Iridium Lzfr6ai Airtrek Outlander 2.4,A,0.0,0.0
Pilha,,,,Deckas,29/01/2026 08:24,15838806456.0,Pilha Palito AAA,A,18.0,0.0
336,,,,Deckas,29/01/2026 08:24,15836999569.0,Botão Start Stop Bmw Preto Red 120i 320 M135 M235 M240 M2 M3,A,2.0,0.0
335,,,,Deckas,29/01/2026 08:24,15836982282.0,Acessorios Bmw 120i 125i 320i 328i 420i 428i Moldura Start,A,0.0,0.0
32-K,,,,Deckas,29/01/2026 08:24,15834406874.0,Radiador Honda Cb 600 Hornet 2005 2006 2007 + Cebolinha,A,0.0,1.0
129-3,,,,Deckas,29/01/2026 08:24,15833566445.0,Scanner Parede Detector Tubo Cano Água Pvc Madeira Fio Metal Com Pilhas,A,0.0,0.0
379-4,,,,Deckas,29/01/2026 08:24,15833284111.0,Trava Mangueira Intercooler (Menor),A,0.0,7.0
379-3,,,,Deckas,29/01/2026 08:24,15833282932.0,Anéis + Travas Da Mangueira intercooler,A,15.0,5.0
382,,,,Deckas,29/01/2026 08:24,15826352799.0,Bomba Combustível Motor Popa 397839 395091,A,0.0,101.0
385-4-K,,,,Deckas,29/01/2026 08:24,15826324849.0,Par Luz Subaquática Submarina 42 Leds 12v Barcos Lanchas Iates Azul,A,126.0,51.0
254-3,,,,Deckas,29/01/2026 08:24,15826243256.0,Bomba Combustivel Gasolina AH22-9H307-AB Sem Filtro,A,0.0,0.0
385,,,,Deckas,29/01/2026 08:24,15825543866.0,Luz Subaquática Submarina 42 Leds 12v Barcos Lanchas Iates,A,0.0,0.0
381,,,,Deckas,29/01/2026 08:24,15825157405.0,Painel Elétrico 6 Chaves Usb Tomada Voltímetro Lancha Barco,A,32.0,15.0
380,,,,Deckas,29/01/2026 08:24,15825109849.0,"Painel Elétrico 5 Chaves 2 Usb Com Voltímetro Para Carro, Barco, Iate, Trailer, Caminhão",A,593.0,1.0
377-2-K4,,,,Deckas,29/01/2026 08:24,15822744624.0,4 Luz Lâmpada Subaquática 27 Leds Super Potência Barco Lancha,A,18.0,25.0
377-K,,,,Deckas,29/01/2026 08:24,15822718251.0,2 Luz Lâmpada Subaquática 27 Leds Super Potência Barco Lancha,A,0.0,0.0
377,,,,Deckas,29/01/2026 08:24,15822714576.0,Luz Lâmpada Subaquática 27 Leds Super Potência Barco Lancha,A,0.0,0.0
1008,,,,Deckas,29/01/2026 08:24,15821784412.0,Mangueira radiador pegeot e c4,A,0.0,0.0
375,,,,Deckas,29/01/2026 08:24,15821582433.0,Seta Pisca Retrovisor 87613-2P000-FC 87623-2P000-FC,A,0.0,0.0
376,,,,Deckas,29/01/2026 08:24,15821516768.0,Bobina Ignição Motor Popa Mercury Optimax Efi 300-879984t01 339-879984t00,A,3.0,3.0
371,,,,Deckas,29/01/2026 08:24,15820602254.0,Tampa + Flange Conexão Radiador,A,29.0,0.0
372,,,,Deckas,29/01/2026 08:24,15817166831.0,Tubo Conexão Mangueira 55116901AA,A,0.0,0.0
373,,,,Deckas,29/01/2026 08:24,15817146904.0,Carcaça E Válvula Termostática 68003582AB 4884569AB 68003582AA,A,1.0,-1.0
379-5,,,,Deckas,29/01/2026 08:24,15816581871.0,Kit Anéis Presilhas Mangueira Intercooler,A,0.0,7.0
379-2,,,,Deckas,29/01/2026 08:24,15816576777.0,Presilhas Mangueira Intercooler,A,0.0,7.0
379-1,,,,Deckas,29/01/2026 08:24,15816572026.0,Kit Anéis Vedação Da Mangueira Intercooler,A,31.0,7.0
374-K,,,,Deckas,29/01/2026 08:24,15814982734.0,Grade De Luz De Nevoeiro Inferior ( Par ),A,2.0,100.0
374,,,,Deckas,29/01/2026 08:24,15814971925.0,Grade De Luz De Nevoeiro Inferior,A,0.0,0.0
328,,,,Deckas,29/01/2026 08:24,15814596873.0,Alavanca Troca Cabo Marchas Original,A,0.0,0.0
361,,,,Deckas,29/01/2026 08:24,15812953889.0,Display Satlink Tela Lcd,A,5.0,0.0
367-K,,,,Deckas,29/01/2026 08:24,15812897627.0,Par Roda Livre Manual Gptrend Ford Ranger 4x4,A,0.0,60.0
367,,,,Deckas,29/01/2026 08:24,15812889987.0,Roda Livre Manual Gptrend Ford Ranger 4x4,A,1.0,121.0
79-K3,,,,Deckas,29/01/2026 08:24,15812818500.0,Kit Bomba Água 12v Circulação Água Quente Solar 800 L/h,A,0.0,0.0
368,,,,Deckas,29/01/2026 08:24,15808488730.0,Atuador De Marcha Lenta 22270-00040,A,1.0,1.0
369,,,,Deckas,29/01/2026 08:24,15808061870.0,Tubo Bypass Bomba De Agua 68211200AC,A,31.0,0.0
366,,,,Deckas,29/01/2026 08:24,15808041339.0,Display Lcd Tela Do Painel Computador Bordo,A,0.0,0.0
309.1,,,,Deckas,29/01/2026 08:24,15788687544.0,Válvula Reguladora 9109-930a Usada,A,12.0,0.0
362,,,,Deckas,29/01/2026 08:24,15786248975.0,Flange Da Bomba Combustivel Tampa Focus 2.0 16v 3 Pçs,A,0.0,1.0
364,,,,Deckas,29/01/2026 08:24,15781432799.0,Adaptador Sem Fio Wireless Qi Indução,A,0.0,0.0
363,,,,Deckas,29/01/2026 08:24,15731082443.0,Botão multifuncional de controle de volante,A,38.0,6.0
357,,,,Deckas,29/01/2026 08:24,15702653812.0,Super Broca Helicoidal P/ Solo Terra Jardim Espiral Metal,A,15.0,6.0
358,,,,Deckas,29/01/2026 08:24,15692026834.0,Caneta Pencil Stylus 1.0mm,A,29.0,102.0
355,,,,Deckas,29/01/2026 08:24,15691648031.0,Botão Vidro Elétrico Sprinter,A,1.0,0.0
353,,,,Deckas,29/01/2026 08:24,15691222667.0,Filtro De Óleo Haldex Original,A,0.0,100.0
346,,,,Deckas,29/01/2026 08:24,15663451898.0,Anel Vedação Completo Resfriador Trocador Journey 3.6 Ate 13,A,30.0,0.0
222-2,,,,Deckas,29/01/2026 08:24,15657645895.0,Pisca Seta Retrovisor Motorista Lado: Esquerdo,A,65.0,0.0
222-1,,,,Deckas,29/01/2026 08:24,15657386423.0,Pisca Seta Retrovisor Carona Lado: Direito,A,120.0,100.0
198-4,,,,Deckas,29/01/2026 08:24,15657210140.0,Maçaneta Externa Kia Sorento 82650-3e010 Traseira Esquerda,A,25.0,0.0
198-3,,,,Deckas,29/01/2026 08:24,15657135579.0,Maçaneta Externa Kia Sorento 82650-3e010 Traseira Direita,A,21.0,4.0
198-2,,,,Deckas,29/01/2026 08:24,15657030446.0,Maçaneta Externa Kia Sorento 82650-3e010 Dianteira Esquerda,A,35.0,100.0
198-1,,,,Deckas,29/01/2026 08:24,15656905062.0,Maçaneta Externa Kia Sorento 82650-3e010 Dianteira Direita,A,44.0,103.0
356,,,,Deckas,29/01/2026 08:24,15652235823.0,Painel Digital Universal Para Motos Completo,A,0.0,0.0
354,,,,Deckas,29/01/2026 08:24,15647338529.0,Sensor Nivel Combustivel Pajero,A,61.0,109.0
349,,,,Deckas,29/01/2026 08:24,15584481807.0,Moldura Ponteira Escapamento Amg W205 Glc,A,5.0,0.0
360,,,,Deckas,29/01/2026 08:24,15520831751.0,Retentor Virabrequim Lado Volante Honda Civic 92-06,A,36.0,0.0
344-K,,,,Deckas,29/01/2026 08:24,15452977983.0,Roda Livre F250 2006 Até 2011 1c3z3b396cb,A,36.0,52.0
347,,,,Deckas,29/01/2026 08:24,15452869023.0,Anel Vedação Retentor Resfriador Dodge Journey Jeep,A,4.0,0.0
344,,,,Deckas,29/01/2026 08:24,15444794728.0,Roda Livre F250 2006 Até 2011 1c3z3b396cb,A,73.0,104.0
414,,,,Deckas,29/01/2026 08:24,15416348151.0,Creme Clareador Natural Manchas Variadas E Melasma,A,0.0,0.0
300,,,,Deckas,29/01/2026 08:24,15406306904.0,Scanner Automotivo Nexpeak Nx501 Obd2 Flex E Diesel,A,0.0,0.0
189,,,,Deckas,29/01/2026 08:24,15394823729.0,Amortecedor Mola Gás Tampa Caçamba,A,5.0,0.0
345,,,,Deckas,29/01/2026 08:24,15316969177.0,Testador Teste Faísca De Vela Ignição Motor Carro Moto Barco,A,0.0,100.0
O063,,,,Deckas,29/01/2026 08:24,15314520221.0,Tensor Guia Corrente Bomba Oleo Ford Focus 2.0 2009 / 2014,A,0.0,0.0
350-1,,,,Deckas,29/01/2026 08:24,15309313048.0,Tapete De Água Inflável Atividades Almofada Infantil Bebê Sem borda,A,7.0,0.0
331-K,,,,Deckas,29/01/2026 08:24,15284284172.0,Par Cinto Anti Alarme Jetta Adaptador Cinto Segurança,A,0.0,1.0
333-K,,,,Deckas,29/01/2026 08:24,15284085231.0,Cinto Anti Alarme Mitsubishi Pajero Adaptador Cinto Segurança,A,9.0,0.0
332-K,,,,Deckas,29/01/2026 08:24,15284060848.0,Par Cinto Anti Alarme Golf Adaptador Cinto Segurança,A,0.0,0.0
333,,,,Deckas,29/01/2026 08:24,15283656570.0,Cinto Anti Alarme Mitsubishi Pajero Adaptador Cinto Segurança,A,18.0,1.0
332,,,,Deckas,29/01/2026 08:24,15283631027.0,Cinto Anti Alarme Golf Adaptador Cinto Segurança,A,0.0,0.0
D104,,,,Deckas,29/01/2026 08:24,15249412558.0,Coroa Unica 32 34 36 38 Dentes Narrow Wide Bcd 104mm,A,0.0,0.0
343,,,,Deckas,29/01/2026 08:24,15233233744.0,Sensor Medidor Nivel Combustivel Tanque,A,23.0,0.0
348,,,,Deckas,29/01/2026 08:24,15216987783.0,Bomba Alta Pressão Mini Turbo 13517588879,A,0.0,0.0
342,,,,Deckas,29/01/2026 08:24,15201393126.0,Marcador Medidor Sensor Nível Combustível Digital Universal,A,1005.0,134.0
341,,,,Deckas,29/01/2026 08:24,15189260940.0,Filtro Combustivel 16127233840,A,16.0,105.0
147,,,,Deckas,29/01/2026 08:24,15156365125.0,Vela 1262054,A,0.0,0.0
324,,,,Deckas,29/01/2026 08:24,15130547562.0,Tampa Filtro Ar Condicionado,A,61.0,100.0
337,,,,Deckas,29/01/2026 08:24,15130256952.0,Valvula Controle Comando 06H109257C,A,1.0,3.0
318,,,,Deckas,29/01/2026 08:24,15109302584.0,Fechadura Trava Tranca Tampa Porta Malas Hb20s Sedan 2016,A,516.0,110.0
302,,,,Deckas,29/01/2026 08:24,15091298943.0,Scanner Automotivo Konnwei Kw903 Bluetooth Obd2 Can-bus Pe,A,0.0,0.0
327,,,,Deckas,29/01/2026 08:24,15071084952.0,Flange De Água Cabeçote Alumínio,A,31.0,0.0
325,,,,Deckas,29/01/2026 08:24,15068427223.0,Tampa Amortecedor,A,0.0,0.0
315-K,,,,Deckas,29/01/2026 08:24,15067316923.0,Cinto Anti Alarme Toyota Corolla Adaptador Cinto (Par),A,0.0,0.0
331,,,,Deckas,29/01/2026 08:24,15058445912.0,Cinto Anti Alarme Jetta Adaptador Cinto Segurança,A,0.0,2.0
326,,,,Deckas,29/01/2026 08:24,15026007232.0,Difusor Ar Console Central Original,A,29.0,0.0
316,,,,Deckas,29/01/2026 08:24,15025321988.0,Sensor Direção Hidráulica  497610324r,A,67.0,107.0
321-K,,,,Deckas,29/01/2026 08:24,15014582697.0,Spoiler Parachoque Par,A,0.0,0.0
321,,,,Deckas,29/01/2026 08:24,15014557440.0,Spoiler Parachoque,A,0.0,0.0
250-K,,,,Deckas,29/01/2026 08:24,14995004519.0,Tampa Parachoque Esguicho Farol Azera ( Par ),A,0.0,1.0
319,,,,Deckas,29/01/2026 08:24,14991895487.0,Cilindro Atuador Hidráulico Embreagem Meriva Easytronic,A,62.0,103.0
315,,,,Deckas,29/01/2026 08:24,14978792295.0,Cinto Anti Alarme Toyota Corolla Adaptador Cinto,A,0.0,1.0
160-K,,,,Deckas,29/01/2026 08:24,14966742484.0,Acessórios Ponteira Escapamento PAR,A,153.0,158.0
280-K,,,,Deckas,29/01/2026 08:24,14959596445.0,Retentor Do Comando De Valvulas 55563374 2un,A,71.0,53.0
238-K,,,,Deckas,29/01/2026 08:24,14959101850.0,Tela Grade Para Choque Dianteiro Jeep Renegade 735618579l 735618580r Par,A,0.0,0.0
272-K8,,,,Deckas,29/01/2026 08:24,14933633172.0,Filtro Peneira Eixo Balanceador (8pçs),A,0.0,12.0
272-K4,,,,Deckas,29/01/2026 08:24,14933606971.0,Filtro Peneira Eixo Balanceador (4pçs),A,0.0,25.0
219-K4,,,,Deckas,29/01/2026 08:24,14881112881.0,Jogo 4 Velas Ignição SILZKR7B11,A,0.0,0.0
252-K,,,,Deckas,29/01/2026 08:24,14856240845.0,Tampa Lavador Esguicho Farol Focus 2014a 2015,A,9.0,11.0
221,,,,Deckas,29/01/2026 08:24,14851864917.0,Placa Do Led Lanterna b003809.2,A,76.0,1.0
320,,,,Deckas,29/01/2026 08:24,14851312307.0,Par Lâmpada Xenon Hid D1s 6000k,A,0.0,100.0
313,,,,Deckas,29/01/2026 08:24,14780272996.0,Esteira Trilho Alavanca Câmbio 8015a066,A,114.0,0.0
10-K,,,,Deckas,29/01/2026 08:24,14775304530.0,Base Para Antena + Mini Antena Haste Carbono 8cm,A,0.0,0.0
230-K,,,,Deckas,29/01/2026 08:24,14756922599.0,Tampa Esguicho Parachoque 61677211209 (Par),A,0.0,1.0
224-K,,,,Deckas,29/01/2026 08:24,14756355795.0,Tampa C/ Bico Esguicho Farol 984502j000 (Par),A,0.0,0.0
222-K,,,,Deckas,29/01/2026 08:24,14747410287.0,Pisca Seta Retrovisor Carona Motorista Lado (Par Direito esquerdo),A,65.0,0.0
169-K,,,,Deckas,29/01/2026 08:24,14745890203.0,Válvulas Bico Esportivo Para Pneu De Moto 90 Graus (Par),A,107.0,103.0
157-K4,,,,Deckas,29/01/2026 08:24,14743775522.0,Jogo Vela Iridium Mitsubishi Outlander 2.4 Fr5ei 1822a030 163235 (4 Unidades),A,0.0,0.0
167-K,,,,Deckas,29/01/2026 08:24,14741342916.0,Válvula Extensor Bico Pneu Moto Carro Bike 90 Grau Reforçado (2 Unidades),A,107.0,55.0
151,,,,Deckas,29/01/2026 08:24,14740830748.0,Vela Ignição Bmw Iiridium ZR5TPP33 (1 Unidade),A,-6.0,4.0
220,,,,Deckas,29/01/2026 08:24,14720937414.0,Vela Ignição Platinium Santa Fé 2.7 2001-2006 Ilfr5b11 (1 Unidades),A,0.0,6.0
312,,,,Deckas,29/01/2026 08:24,14717311024.0,Esteira Do Câmbio Automático 4at,A,67.0,100.0
195-K,,,,Deckas,29/01/2026 08:24,14706096928.0,Par Lâmpada Xenon D4s 6000k 35w,A,0.0,63.0
152-K6,,,,Deckas,29/01/2026 08:24,14705410916.0,06 Velas Ignição Pfr5n11 Platinun,A,17.0,17.0
189-K,,,,Deckas,29/01/2026 08:24,14703217944.0,Par Amortecedor Mola Gás Tampa Caçamba (Par),A,14.0,101.0
70-K,,,,Deckas,29/01/2026 08:24,14685499016.0,70 Roda Livre Automatica Original Par,A,174.0,3.0
60-K4,,,,Deckas,29/01/2026 08:24,14684047355.0,Emblema Lateral Bmw F800 Gs 1200 Aluminium 4 Und,A,0.0,0.0
314-K,,,,Deckas,29/01/2026 08:24,14675439363.0,Acessórios Hilux Cinto De Segurança Anti Som Par,A,0.0,0.0
314,,,,Deckas,29/01/2026 08:24,14675389112.0,Acessórios Hilux Cinto De Segurança Anti Som,A,1.0,1.0
309,,,,Deckas,29/01/2026 08:24,14661994796.0,Válvula Reguladora 9109-930a,A,0.0,0.0
310,,,,Deckas,29/01/2026 08:24,14659038799.0,Medidor Fluxo Ar 13800-65D00,A,13.0,1.0
81-K,,,,Deckas,29/01/2026 08:24,14653573122.0,Par Lampada Xenon D4r 35w 6000k,A,993.0,60.0
38-K,,,,Deckas,29/01/2026 08:24,14651302074.0,Par Refil Para Limpador De Parabrisa,A,0.0,0.0
27-K,,,,Deckas,29/01/2026 08:24,14643410526.0,Engrenagem Caixa De Transferencia Bmw X3 3.0 KIT (Preta+Branca) 27107566296 8473227771,A,9.0,0.0
308,,,,Deckas,29/01/2026 08:24,14620368965.0,Filete Maçaneta Toyota Corolla 2015 Á 2019,A,0.0,0.0
303,,,,Deckas,29/01/2026 08:24,14612274025.0,Válvula Acionamento Diferencial Diant Diafragma S10 Blazer,A,13.0,0.0
307-1,,,,Deckas,29/01/2026 08:24,14606183851.0,Carcaça Válvula Termostática 308 3008 408 C4 Ds3 1.6 Thp,A,0.0,100.0
293,,,,Deckas,29/01/2026 08:24,14599960554.0,Difusor De Ar Do Teto Pajero Full 2008 Até 2016 Mitsubishi,A,0.0,0.0
247,,,,Deckas,29/01/2026 08:24,14563388138.0,Reparo Bico Cruze Tracker Hatch Sedan Turbo,A,0.0,0.0
299,,,,Deckas,29/01/2026 08:24,14492661968.0,Chave Interruptora,A,0.0,0.0
298-K,,,,Deckas,29/01/2026 08:24,14467851327.0,Par Brucutu Esguicho Para Brisas 986302E100,A,235.0,3.0
297-K,,,,Deckas,29/01/2026 08:24,14415946800.0,Par Esguicho Agua Brucutu Cruze 2012 2013 2014 2015 2016,A,0.0,105.0
016,,,,Deckas,29/01/2026 08:24,14399480993.0,Cebolão Interruptor Ventoinha 37760P00003,A,105.0,107.0
306,,,,Deckas,29/01/2026 08:24,14346317749.0,Led Parafuso Olho De Águia Carro Moto 23mm,A,0.0,0.0
286,,,,Deckas,29/01/2026 08:24,14295915131.0,Válvula De Nível Do Banco Pneumático 20443641,A,683.0,109.0
294,,,,Deckas,29/01/2026 08:24,14286005518.0,Tubo Cano Óleo Retorno Turbina Peugeot Thp 1613571980 037989,A,0.0,0.0
291,,,,Deckas,29/01/2026 08:24,14280633992.0,Placa De Fusíveis Bateria Peugeot 3008 C4 Picasso 6500gr,A,0.0,0.0
290,,,,Deckas,29/01/2026 08:24,14269614775.0,"Caixa Bsm Peugeot 206, 207, 307 1.4 E 1.6 - Nova E Original",A,487.0,122.0
289,,,,Deckas,29/01/2026 08:24,14269307425.0,Medidor De Fluxo Ar 7 Pinos Mitsubishi Pajero Tr4 2.0 16v,A,1.0,0.0
295,,,,Deckas,29/01/2026 08:24,14237711180.0,Bomba De Vácuo Para Peugeot E Citroen Thp 1.6 16v Turbo 3008,A,76.0,105.0
292,,,,Deckas,29/01/2026 08:24,14202509218.0,Sensor Oleo Citroen Picasso Peugeot 307 308 407 408 2.0 16v,A,14.0,0.0
287,,,,Deckas,29/01/2026 08:24,14044830039.0,Medidor Fluxo De Ar Pajero Tr4 Io E5t08471 Md343605 Original,A,0.0,0.0
285,,,,Deckas,29/01/2026 08:24,14039046655.0,Comando Vidro Eletrico Kia Sorento 2009 A 2013,A,27.0,102.0
278,,,,Deckas,29/01/2026 08:24,14035321699.0,Mangueira De Entrada De Ar 2700900382,A,43.0,2.0
283,,,,Deckas,29/01/2026 08:24,14026551471.0,Sensor Rotação Frontier 2.5 Diesel 16v 949979-033 23731ec00a,A,0.0,0.0
282,,,,Deckas,29/01/2026 08:24,14026185812.0,Roda Fonica Ssangyong Actyon Kyron Rexton Korando 4151009000,A,0.0,0.0
274,,,,Deckas,29/01/2026 08:24,14013157818.0,Sensor Temperatura Ar Condicionado 97143-1m000,A,0.0,0.0
276,,,,Deckas,29/01/2026 08:24,13779404932.0,Comando Vidro Elétrico Kia Sorento 2011 A 2014 ( 2 Auto ),A,37.0,0.0
279,,,,Deckas,29/01/2026 08:24,13759781041.0,Mangueira De Entrada De Ar Mercedes A200 B200 Cla E Gla,A,71.0,8.0
277,,,,Deckas,29/01/2026 08:24,13759548975.0,Mangueira Filtro Ar Tbi 2710900982 2710900682,A,2.0,0.0
038,,,,Deckas,29/01/2026 08:24,13759256879.0,Refil Para Limpador De Parabrisa,A,0.0,0.0
232,,,,Deckas,29/01/2026 08:24,13757310156.0,Par Puxador Porta Bmw 320i 328i F30 2013 Á 2017,A,0.0,0.0
281,,,,Deckas,29/01/2026 08:24,13723983496.0,Válvula Do Vácuo Coletor Admissão Cruze Sonic Track 55568437,A,2.0,7.0
280,,,,Deckas,29/01/2026 08:24,13722938922.0,Retentor Do Comando De Valvulas 55563374,A,143.0,106.0
275-5,,,,Deckas,29/01/2026 08:24,13722651531.0,Puxador Interno Porta Bmw 528i 535i 550i M5 Bege,A,11.0,3.0
272,,,,Deckas,29/01/2026 08:24,13721966499.0,Filtro Peneira Eixo Balanceador,A,1.0,100.0
273,,,,Deckas,29/01/2026 08:24,13686567362.0,Comando Botão Vidro Eletrico Ford Ranger 2012 2013 2014 2015,A,93.0,106.0
023,,,,Deckas,29/01/2026 08:24,13568733845.0,"Piloto Automático Controle De Velocidade Focus Mk2,5",A,4.0,2.0
271,,,,Deckas,29/01/2026 08:24,13549872506.0,Mangueira Ar Quente Superior Citroen 6466tz,A,0.0,0.0
270,,,,Deckas,29/01/2026 08:24,13549699495.0,Mangueira Ar Quente Inferior 6466XV,A,0.0,0.0
264,,,,Deckas,29/01/2026 08:24,13549036936.0,Cebolinha Direção Hidarulica 575353k00,A,0.0,102.0
107-1,,,,Deckas,29/01/2026 08:24,13483517543.0,Manopla Bola Câmbio Manual 6 Marchas,A,146.0,0.0
129,,,,Deckas,29/01/2026 08:24,13432881137.0,Scanner Parede Detector Tubo Cano Água Pvc Madeira Fio Metal,A,0.0,0.0
008,,,,Deckas,29/01/2026 08:24,13400040117.0,Base Para Antena De Carros 1087087,A,0.0,89.0
268,,,,Deckas,29/01/2026 08:24,13193905286.0,Emblema Logo Estrela Capo A2108800186,A,0.0,2.0
267,,,,Deckas,29/01/2026 08:24,13193528383.0,Bomba Alta Pressão 13517592429,A,0.0,0.0
127,,,,Deckas,29/01/2026 08:24,13188705991.0,Vibrador Duplo U C Clitóris Controle Casal Tipo We-vibe Usb,A,0.0,0.0
261,,,,Deckas,29/01/2026 08:24,13177561843.0,Fluxo De Ar 5wk97008,A,0.0,0.0
262,,,,Deckas,29/01/2026 08:24,13172075118.0,Kit 10 Ponta Montada Fresa Dremel Tugstênio Retifica Metal,A,0.0,0.0
259,,,,Deckas,29/01/2026 08:24,13119587884.0,Moldura Aplique Braço Retrovisor Jeep Compass,A,0.0,0.0
258,,,,Deckas,29/01/2026 08:24,13118609140.0,Capas Cromadas Maçanetas 4 Portas E Tampa Mala Dodge Ram 2500,A,0.0,0.0
031,,,,Deckas,29/01/2026 08:24,13051895557.0,Difusor Duto Ar Mitsubishi Lancer,A,0.0,0.0
124,,,,Deckas,29/01/2026 08:24,13050633987.0,Espanta Cachorro Repelente Eletrônico Preto,A,1.0,103.0
194-K,,,,Deckas,29/01/2026 08:24,13047183890.0,Fita Par Led Flexível Fina Sequencial Farol Drl 60 Cm Carro,A,42.0,6.0
020,,,,Deckas,29/01/2026 08:24,12960745007.0,Sensor Nível Combustível 3m519a299aa,A,32.0,103.0
018,,,,Deckas,29/01/2026 08:24,12948078288.0,Gasolina Bomba Gasolina 0986580951,A,22.0,16.0
19-1,,,,Deckas,29/01/2026 08:24,12948073353.0,Manopla De Câmbio Automático,A,11.0,13.0
024,,,,Deckas,29/01/2026 08:24,12937841162.0,Antena Haste Carbono Mini 8cm,A,0.0,0.0
257,,,,Deckas,29/01/2026 08:24,12855784213.0,Botão Vidro Eletrico 9065451913,A,40.0,108.0
246,,,,Deckas,29/01/2026 08:24,12855068539.0,Esteira Cambio 8699465,A,39.0,100.0
254,,,,Deckas,29/01/2026 08:24,12854070053.0,Bomba Combustivel Gasolina AH22-9H307-AB,A,1.0,0.0
255,,,,Deckas,29/01/2026 08:24,12832278873.0,Organizador Porta Treco,A,0.0,0.0
256,,,,Deckas,29/01/2026 08:24,12830079559.0,Snow Foam Esguicho Shampoozeira Lavagem Cera Reservatório,A,6.0,103.0
252,,,,Deckas,29/01/2026 08:24,12744922955.0,Tampa Lavador Esguicho Farol Focus 2014a 2015,A,0.0,0.0
052,,,,Deckas,29/01/2026 08:24,12740242769.0,Motor Partida Ktm 55140001000,A,25.0,103.0
250,,,,Deckas,29/01/2026 08:24,12673887710.0,Tampa Parachoque Esguicho Farol Azera,A,0.0,0.0
244,,,,Deckas,29/01/2026 08:24,12673444939.0,Tampa Combustível 3 4,A,0.0,100.0
253,,,,Deckas,29/01/2026 08:24,12670559759.0,Reator Módulo Xenon D4s D4r 8596745010,A,0.0,0.0
199,,,,Deckas,29/01/2026 08:24,12662092033.0,Atuador Marcha Lenta 22270,A,0.0,100.0
231-1,,,,Deckas,29/01/2026 08:24,12661177390.0,Botão Comando Freio Mão Honda Hrv 2015 A 2019,A,0.0,100.0
124-1,,,,Deckas,29/01/2026 08:24,12583555915.0,Aparelho Anti Latido Ultrasonico Apito Adestramento Cães,A,4.0,121.0
241,,,,Deckas,29/01/2026 08:24,12546303252.0,Suporte Celular BMW Gps R 1200 R 1250 Gs F 850 F 800,A,37.0,130.0
245,,,,Deckas,29/01/2026 08:24,12546130899.0,Esteira Câmbio Automático 6q0713273a,A,143.0,105.0
Mini Bomba,,,,Deckas,29/01/2026 08:24,12530092267.0,Mini Bomba D'água,A,2.0,0.0
207,,,,Deckas,29/01/2026 08:24,12529660780.0,Coleira Com Controle Adestramento Som Vibração Choque Remoto,A,21.0,0.0
317,,,,Deckas,29/01/2026 08:24,12500432523.0,Velcro Com Adesivo Dupla Face 25mm,A,0.0,0.0
251,,,,Deckas,29/01/2026 08:24,12480314143.0,Bico Aspersor Nebulizador Irrigação Pulverização Regulável,A,15.0,101.0
116,,,,Deckas,29/01/2026 08:24,12456915360.0,Mangueira Retorno Reservatório Água Cruze Tracker 2012 À 2016,A,155.0,0.0
239,,,,Deckas,29/01/2026 08:24,12364171500.0,Olho De Gato Refletor Para-choque Traseiro Bmw 320i,A,0.0,0.0
242,,,,Deckas,29/01/2026 08:24,12363301175.0,Selim Banco Acento Aranha Tipo Fibra De Carbono Speed Ou Mtb,A,0.0,1.0
243,,,,Deckas,29/01/2026 08:24,12358454988.0,Sensor De Pressão Do Óleo 1997 - 2000,A,0.0,0.0
238,,,,Deckas,29/01/2026 08:24,12321647029.0,Tela Grade Para Choque Dianteiro Jeep Renegade 735618579l 735618580r,A,0.0,0.0
235,,,,Deckas,29/01/2026 08:24,12320830777.0,Sensor abs traseiro esquerdo/direito 9665386880,A,0.0,0.0
230,,,,Deckas,29/01/2026 08:24,12238241359.0,Tampa Esguicho Parachoque 61677211209,A,0.0,0.0
060,,,,Deckas,29/01/2026 08:24,12226588750.0,Emblema Lateral Bmw F800 Gs 1200 Aluminium 1 Und,A,0.0,2.0
236,,,,Deckas,29/01/2026 08:24,12197922405.0,Resistência Ventoinha 9673999980,A,0.0,100.0
350-2,,,,Deckas,29/01/2026 08:24,12197922309.0,Tapete De Água Inflável Atividades Almofada Infantil Bebê Com Borda,A,61.0,0.0
228,,,,Deckas,29/01/2026 08:24,12197920162.0,Farol Lanterna Traseira Pisca Moto Custom Race Fita 48 Leds,A,29.0,0.0
200,,,,Deckas,29/01/2026 08:24,12197918181.0,Display (lcd) Velocímetro Painel Titanium,A,20.0,109.0
220-K6,,,,Deckas,29/01/2026 08:24,12197916886.0,Vela Ignição Platinium Santa Fé 2.7 2001-2006 Ilfr5b11 (6 Unidades),A,0.0,1.0
231,,,,Deckas,29/01/2026 08:24,12197916124.0,Botão Freio Mão Estacionamento 35355-t7a-j01 35355t7aj01,A,0.0,0.0
218,,,,Deckas,29/01/2026 08:24,12197915450.0,Esquadro Digital Laser Grau Laser Nível Horizontal Vertical,A,0.0,2.0
215-K,,,,Deckas,29/01/2026 08:24,12197913648.0,Par de Lâmpadas HID Xenon D1S 35w 12v,A,0.0,0.0
214,,,,Deckas,29/01/2026 08:24,12197912991.0,Comutador De Ignição 931102d000,A,0.0,108.0
211,,,,Deckas,29/01/2026 08:24,12197912840.0,Valvula Solenoide Audi Fusca Jetta Passat Tiguan 06f906283f,A,0.0,0.0
160,,,,Deckas,29/01/2026 08:24,12064955926.0,Acessórios Ponteira Escapamento S,A,307.0,316.0
151-K6,,,,Deckas,29/01/2026 08:24,12022178799.0,Jogo Vela Ignição Bmw Iiridium ZR5TPP33 (6 Unidades),A,-1.0,0.0
178,,,,Deckas,29/01/2026 08:24,12022177414.0,Ponteira Escapamento Cromada Inox,A,0.0,0.0
177,,,,Deckas,29/01/2026 08:24,12022177219.0,Ponteira Escape Preto Fume Par,A,0.0,0.0
219,,,,Deckas,29/01/2026 08:24,12022176124.0,Velas Ignição Hyundai Original SILZKR7B11,A,0.0,0.0
190,,,,Deckas,29/01/2026 08:24,12022170004.0,Reservatório Carvão Ativo Canister 1K0201797AE,A,29.0,4.0
188,,,,Deckas,29/01/2026 08:24,12022169767.0,Kit Junta Da Bomba De Vácuo New Beetle - 07k145215a,A,2.0,0.0
187,,,,Deckas,29/01/2026 08:24,12022168875.0,Sensor De Pressão Map Coletor 0281002573,A,0.0,0.0
173,,,,Deckas,29/01/2026 08:24,12022168655.0,Modulo Ventoinha 1k0959455,A,0.0,0.0
170,,,,Deckas,29/01/2026 08:24,12022168567.0,Vela Ignição 9091901164,A,0.0,0.0
152,,,,Deckas,29/01/2026 08:24,12022166377.0,Vela Ignição Pfr5n11 Platinun,A,102.0,106.0
154,,,,Deckas,29/01/2026 08:24,12022165943.0,Sensor Pressão Map Turbina Mr577031,A,15.0,0.0
158,,,,Deckas,29/01/2026 08:24,12022164189.0,Sensor Pressão Flauta 0281002908,A,0.0,0.0
149,,,,Deckas,29/01/2026 08:24,12022163902.0,Velas de Ignição Ngk Iridium Lzfr6ai Airtrek Outlander 2.4,A,0.0,0.0
155,,,,Deckas,29/01/2026 08:24,12022163779.0,Novo Bateria Auxiliar  a2059053414,A,0.0,0.0
146,,,,Deckas,29/01/2026 08:24,12022162324.0,Cabo Adaptador Hub Usb Type 3 Portas,A,0.0,0.0
150,,,,Deckas,29/01/2026 08:24,12022162171.0,Tampa Reservatório Água 13502353,A,56.0,1.0
141,,,,Deckas,29/01/2026 08:24,12022161322.0,Adaptador Hub Rede 2usb-c Hdmi,A,40.0,0.0
139,,,,Deckas,29/01/2026 08:24,12022160783.0,Sensor Map Cummins 0281002576,A,0.0,0.0
134,,,,Deckas,29/01/2026 08:24,12022160327.0,Mangueira De Retorno Dos Bicos Sprinter 415/515 Original A6510700132,A,62.0,2.0
137,,,,Deckas,29/01/2026 08:24,12022160200.0,Valvula Reguladora Pressao Rail Flauta 1110010028,A,0.0,0.0
126,,,,Deckas,29/01/2026 08:24,12022156072.0,Vibrador U C Clitóris Casal Recarregável Usb Tipo We-vibe,A,3.0,0.0
115,,,,Deckas,29/01/2026 08:24,12022151864.0,Tubo Saída Corpo Borboleta Tbi  55559353,A,43.0,100.0
028,,,,Deckas,29/01/2026 08:24,12022150416.0,Hub Adaptador 6x1 2 Usb 3.0 Cartão Sd E Micr,A,0.0,0.0
153,,,,Deckas,29/01/2026 08:24,12022139616.0,Scanner Automotivo Forscan Usb Ftdi Interruptor Hs Ms Can,A,0.0,0.0
047,,,,Deckas,29/01/2026 08:24,12022137250.0,Sensor De Pressão Pneu Hyundai Creta Nova Tucson Tpms Sonata,A,64.0,34.0
094,,,,Deckas,29/01/2026 08:24,12022136701.0,Emblema Lateral VW,A,0.0,0.0
033,,,,Deckas,29/01/2026 08:24,12022136355.0,Mangueira Agua Aquecedor  1.8  1.6 16v 55574685,A,3.0,4.0
066,,,,Deckas,29/01/2026 08:24,12022135489.0,Filtro Tampa Bomba De Combustivel Evoque Land Rover Gasolina 036127,A,52.0,4.0
100,,,,Deckas,29/01/2026 08:24,12022134498.0,Cabo Auxiliar Aux Cd P2 Stereo,A,14.0,101.0
089,,,,Deckas,29/01/2026 08:24,12022133336.0,Bola Manopla De Cambio 6 Marchas Manual,A,-1.0,0.0
099,,,,Deckas,29/01/2026 08:24,12022133046.0,Calibrador Sincronizador Sensor Tpms EL-50449,A,81.0,134.0
15-1,,,,Deckas,29/01/2026 08:24,12019596853.0,Sensor Detonação XL-7 18640-78G0,A,9.0,101.0
226,,,,Deckas,29/01/2026 08:24,12015066450.0,Filtro De Ar Esportivo E Lavável Harley Davidson 883 Iron,A,0.0,0.0
733-K4,,,,Deckas,29/01/2026 08:24,11871734936.0,4 Chave Geral Bateria Carro Moto Barco Caminhão Universal,A,0.0,0.0
120,,,,Deckas,29/01/2026 08:24,11871419476.0,Kit Junta Valvula Vtec Civic Ex 1998-2005 1.6 1.7 Original,A,212.0,0.0
224,,,,Deckas,29/01/2026 08:24,11871418809.0,Tampa C/ Bico Esguicho Farol 984502j000,A,0.0,0.0
202,,,,Deckas,29/01/2026 08:24,11871417965.0,Base Para Maquina Serra Corte 45 Graus Porcelanato Ceramica,A,0.0,0.0
206,,,,Deckas,29/01/2026 08:24,11871417827.0,Disco Moedor De Serra Para Madeira Corrente Motosserra 100mm,A,0.0,0.0
210,,,,Deckas,29/01/2026 08:24,11871417104.0,Receptor Transmissor Veicular Com Bluetooth Fm Mp3 Usb Pendr,A,0.0,0.0
196,,,,Deckas,29/01/2026 08:24,11871416774.0,Torneira Gasolina Combustivel,A,7.0,106.0
213,,,,Deckas,29/01/2026 08:24,11871416635.0,Detector De Correte E Tensão Carregador Celular Testador,A,0.0,0.0
208,,,,Deckas,29/01/2026 08:24,11871416414.0,Tampa Lateral Cabeçote 06h103269h,A,0.0,100.0
192,,,,Deckas,29/01/2026 08:24,11871415638.0,Torneira Gasolina Combustivel Cb 500,A,0.0,119.0
195,,,,Deckas,29/01/2026 08:24,11871415487.0,Lâmpada Xenon D4s 6000k 35w,A,0.0,127.0
197,,,,Deckas,29/01/2026 08:24,11871415440.0,Display / Tela / Lcd Com Touch Do Garmin Edge 1000,A,0.0,0.0
171,,,,Deckas,29/01/2026 08:24,11871414786.0,Sensor bico 45pp3-5,A,0.0,1.0
136,,,,Deckas,29/01/2026 08:24,11871414751.0,Válvula Rail  A6110780549 0281002698,A,0.0,0.0
172,,,,Deckas,29/01/2026 08:24,11871413998.0,Sensor De Combustível New Flex Original Vw 06k907811b,A,0.0,0.0
176,,,,Deckas,29/01/2026 08:24,11871412830.0,Sensor Da Flauta Rail 3.2 55pp40-01,A,0.0,0.0
081,,,,Deckas,29/01/2026 08:24,11871407959.0,Lâmpada Xenon D4r 6000k,A,1986.0,120.0
032,,,,Deckas,29/01/2026 08:24,11871403394.0,Radiador Honda Cb 600 Hornet 2005 2006 2007,A,0.0,1.0
107,,,,Deckas,29/01/2026 08:24,11871402403.0,Manopla Bola Câmbio,A,37.0,0.0
263,,,,Deckas,29/01/2026 08:24,11871400395.0,Bico Injetor 55577403,A,0.0,0.0
105,,,,Deckas,29/01/2026 08:24,11871398455.0,Boia Sensor Nivel Combustível  Gasolina,A,22.0,101.0
453,,,,Deckas,29/01/2026 08:24,11871397185.0,Lamina 6 Pontas Motopoda Canivete Nakasaki Para Roçadeiras,A,0.0,2.0
072,,,,Deckas,29/01/2026 08:24,11871396560.0,Manopla Ccoifa Alavanca Marcha,A,0.0,0.0
077,,,,Deckas,29/01/2026 08:24,11871394303.0,Maçaneta Puxador Dianteiro Esquerdo Interno,A,0.0,0.0
071,,,,Deckas,29/01/2026 08:24,11871391605.0,Capa de freio de mão HONDA Civic 47115-sna-a82za,A,21.0,100.0
061,,,,Deckas,29/01/2026 08:24,11871390236.0,Suporte Tampa Tanque 2009-2019,A,68.0,5.0
062,,,,Deckas,29/01/2026 08:24,11871389578.0,Manopla Cambio Automatico,A,266.0,97.0
055,,,,Deckas,29/01/2026 08:24,11871388886.0,Rolamento Coxin Mancal Com Coifa Cardan,A,1.0,100.0
053,,,,Deckas,29/01/2026 08:24,11871387401.0,Mangueira Filtro Ar Tbi Sentra 2.0 2007 2008 DECKAS,A,898.0,99.0
44-1,,,,Deckas,29/01/2026 08:24,11871385623.0,Valvula Moduladora Turbina 14956-EB300,A,0.0,0.0
044,,,,Deckas,29/01/2026 08:24,11871383991.0,Vela Ignição Iridium Izfr6h11,A,2.0,7.0
022,,,,Deckas,29/01/2026 08:24,11871370438.0,Conj Cilindro E Encaixe Fecho Capo Focus Após 09 Ref 2168/70,A,0.0,0.0
051,,,,Deckas,29/01/2026 08:24,11871370176.0,Valvula Solenoide Pressao 1k0906627a,A,0.0,0.0
027,,,,Deckas,29/01/2026 08:24,11871368957.0,Engrenagem Caixa de Transferencia Bmw X3 3.0,A,0.0,0.0
240,,,,Deckas,29/01/2026 08:24,11871368098.0,Reator Led Xenon  A2189009303,A,0.0,0.0
012,,,,Deckas,29/01/2026 08:24,11871333251.0,Bomba Combustível 1987-2000 HT-DZB11,A,136.0,117.0
248,,,,Deckas,29/01/2026 08:24,11871317815.0,Sensor Velocidade 2501074p01,A,0.0,0.0
227,,,,Deckas,29/01/2026 08:24,11871301587.0,Botão Shifter De Câmbio,A,0.0,0.0
234,,,,Deckas,29/01/2026 08:24,11871296135.0,Comando Botao Vidro Eletrico Exclusive,A,1.0,101.0
225,,,,Deckas,29/01/2026 08:24,11871290116.0,Válvula Canister  06h906517b 0280142459,A,1.0,5.0
352,,,,Deckas,29/01/2026 08:24,11871289554.0,Comando Botao Vidro Eletrico Sprinter 311/ 415/ 515 3 Plugs,A,31.0,98.0
351,,,,Deckas,29/01/2026 08:24,11871277077.0,Bóia Sensor Nivel Combustível Tanque Outlander,A,0.0,0.0
4-1,,,,Deckas,29/01/2026 08:24,11871263829.0,Manopla Marcha Cambio  2008 2013 Preta,A,0.0,102.0
002,,,,Deckas,29/01/2026 08:24,11871248767.0,Tampa Portinhola Tanque Combustivel Ford Focus 2009 a 2013,A,414.0,100.0
167,,,,Deckas,29/01/2026 08:24,11843403701.0,Válvula Extensor Bico Pneu Moto Carro Bike 90 Grau Reforçado,A,214.0,110.0
057,,,,Deckas,29/01/2026 08:24,11841288224.0,Mangueira Caixa Filtro Ar 1j0129684,A,0.0,0.0
82-K,,,,Deckas,29/01/2026 08:24,11841287337.0,Par Lampada Xenon D4r 35w 4300k,A,384.0,3.0
082,,,,Deckas,29/01/2026 08:24,11841286196.0,Lampada Xenon D4r Original 35w 4300k,A,768.0,6.0
049,,,,Deckas,29/01/2026 08:24,11841282213.0,Engrenagem Bucha Caixa Direção  Original,A,37.0,10.0
037,,,,Deckas,29/01/2026 08:24,11841279118.0,Sensor De Rotação Câmbio Automático A3 Golf Bora 01m927321b,A,22.0,6.0
080,,,,Deckas,29/01/2026 08:24,11841263911.0,Válvula Termostática,A,10.0,0.0
001,,,,Deckas,29/01/2026 08:24,11841262148.0,Cebolão Do Radiador Sensor Temperatura,A,266.0,33.0
046,,,,Deckas,29/01/2026 08:24,11841260646.0,Sensor Pressão Do Pneu Tpms Gm Captiva Camaro Malibu,A,72.0,118.0
203,,,,Deckas,29/01/2026 08:24,11841260124.0,Válvula Reguladora Sprinter 9109930a,A,20.0,0.0
043,,,,Deckas,29/01/2026 08:24,11841258998.0,Sensor Pressão Pneumático Pneu Tpms 68193586AA,A,0.0,0.0
059,,,,Deckas,29/01/2026 08:24,11841256886.0,Sensor Tps Posição Borboleta Honda Civic 96 97 98 99 00,A,54.0,110.0
005,,,,Deckas,29/01/2026 08:24,11841256412.0,Sensor Pressão Combustível 5WS40039,A,59.0,104.0
223,,,,Deckas,29/01/2026 08:24,11821054890.0,Sensor Nível Boia De Combustível Hyundai Ix-35 Gasolina,A,128.0,1.0
147-K4,,,,Deckas,29/01/2026 08:24,11777714545.0,Jogo Vela Captiva 2.4 2011/ Gm 12620540 04 Unidades 185cv,A,0.0,0.0
181,,,,Deckas,29/01/2026 08:24,11713833880.0,Par Pisca Seta Espelho Retrovisor mk2 mk3 mondeo mk4,A,56.0,118.0
157,,,,Deckas,29/01/2026 08:24,11696983229.0,Vela Iridium Mitsubishi Outlander 2.4 Fr5ei1822a030,A,3.0,0.0
070,,,,Deckas,29/01/2026 08:24,11452415123.0,Roda Livre Automatica Original Frontier - 2.8 40260-1s700,A,348.0,6.0
035,,,,Deckas,29/01/2026 08:24,11450779859.0,Sensor Pressão Direção Hidráulica,A,33.0,108.0
237,,,,Deckas,29/01/2026 08:24,11447386566.0,Reator Farol Lampada Xenon D3s A2229003300 Q04,A,0.0,0.0
733,,,,Deckas,29/01/2026 08:24,11447193134.0,Chave Geral Bateria Carro Moto Barco Caminhão Universal,A,0.0,0.0
SKU-001,Produto Exemplo 1 Turbo,199.9,ativo,Deckas,29/01/2026 08:24,,,,0.0,0.0
SKU-002,Produto Exemplo 2 Turbo,250.0,pausado,Deckas,29/01/2026 08:24,,,,0.0,0.0
SKU-003,Produto Exemplo 3 Turbo,150.0,ativo,Deckas,29/01/2026 08:24,,,,0.0,0.0
