sku,mlb_principal,mlb_ids,qtd_anuncios_mlb
---------,MLB1978142239,MLB1978142239|MLB1988895735|MLB1988895736|MLB2000704908|MLB2041010779|MLB2041023649|MLB2041042829|MLB2041090853|MLB2055821664|MLB2136935860|MLB2136951134|MLB2158495340|MLB2172002283|MLB2177030246|MLB2177030248|MLB2181951634|MLB2181971176|MLB2891591278|MLB2891885208|MLB2891885210|MLB2926358623|MLB2927075510|MLB2989066400|MLB2991685459|MLB2996495088|MLB2996495099|MLB2997016830|MLB2997023189|MLB2997613063|MLB2997727098|MLB2997738939|MLB3030582867|MLB3285225831|MLB3285238549|MLB3306414961|MLB3306436271|MLB3551731589|MLB3565994817|MLB3607193023|MLB3608112939|MLB3618050495|MLB3655081809|MLB3660376395|MLB3660399513|MLB3675268379|MLB3728618216|MLB3988605943|MLB4038971489|MLB4155642956|MLB4321924928|MLB4471323400|MLB4473685750|MLB4473697112|MLB4473710012|MLB4592635432|MLB4597740872|MLB4644655270|MLB4644694108|MLB4644705176|MLB4938751960|MLB4939982806|MLB4942973510|MLB4942973736|MLB5111579736|MLB5139569464|MLB5360780658,66.0
008-1,,,
008-K,,,
04/JAN,,,
001,MLB1984882492,MLB1984882492|MLB1984892935|MLB2894818909|MLB2894843116|MLB3365926061,5.0
100,MLB1988957890,MLB1988957890|MLB3558056423|MLB3558108785,3.0
105,MLB1988959579,MLB1988959579|MLB1988968514|MLB3178397785|MLB4540001606,4.0
107,MLB1988962872,MLB1988962872|MLB1988966684|MLB1988969587,3.0
107-1,MLB1988981254,MLB1988981254|MLB2969404153|MLB4245039171|MLB4446202916,4.0
115,MLB1990027778,MLB1990027778|MLB3598209639,2.0
116,MLB1990042469,MLB1990042469|MLB1990048537|MLB3331195036|MLB3558249607|MLB3658452839|MLB3950755258,6.0
012,MLB1985423253,MLB1985423253|MLB1985423263|MLB1985428470|MLB2935288462|MLB4659830906,5.0
120,MLB1991208688,MLB1991208688|MLB3271833971|MLB3374294788|MLB3558390215|MLB4340741952,5.0
124,,,
124-1,MLB2929560184,MLB2929560184,1.0
126,MLB1991211721,MLB1991211721,1.0
127-17,,,
127-9,,,
129,,,
129-3,,,
134,MLB2988875377,MLB2988875377|MLB2988887230|MLB2988892377|MLB4343482804|MLB4343495522,5.0
137,,,
139,,,
141,MLB2155528272,MLB2155528272|MLB3336927641|MLB3559490787|MLB3692066514|MLB3692095662,5.0
147,,,
147-K4,,,
149,,,
149-K4,,,
15-1,MLB1985533200,MLB1985533200|MLB1985536370|MLB2925294409|MLB4333551086,4.0
15/JAN,,,
150,MLB1991264780,MLB1991264780|MLB1991268011,2.0
151,,,
151-K6,,,
152,,,
152-K6,MLB1986786024,MLB1986786024|MLB1986792691|MLB6021545472,3.0
154,MLB1991283594,MLB1991283594|MLB2991886117|MLB2991886131|MLB2991898563|MLB2991916441,5.0
155,,,
157-K4,,,
158,,,
158-1,,,
016,MLB1984819034,MLB1984819034|MLB2935746873|MLB2935753005|MLB2935823315,4.0
160,MLB2068416358,MLB2068416358|MLB2929577661|MLB2929577668|MLB2929577676|MLB3310247655|MLB4485936079|MLB6296243040,7.0
160-K,MLB2929686863,MLB2929686863|MLB2929724640|MLB2929724830|MLB3591654052|MLB3796645969,5.0
167,MLB2026742005,MLB2026742005|MLB2939497937|MLB2939497942,3.0
167-1,MLB4315801277,MLB4315801277|MLB5950551696,2.0
167-1K,MLB4319301377,MLB4319301377|MLB5956186382,2.0
167-2,MLB4319570435,MLB4319570435|MLB5956982160|MLB5957033968,3.0
167-2K,MLB5956895894,MLB5956895894|MLB5957012000|MLB5957137660,3.0
167-K,MLB2939511483,MLB2939511483|MLB2939608866|MLB3658010579,3.0
169-K,MLB2031692044,MLB2031692044|MLB2939965585|MLB3653649123,3.0
170,,,
170-K4,,,
173,,,
176,,,
018,MLB1985554370,MLB1985554370|MLB1985554385|MLB2895026084|MLB2895044652,4.0
18-REFIL,,,
18-TUBO,,,
181,MLB1992383814,MLB1992383814|MLB2991925626|MLB2991949069,3.0
187,,,
189-1,-,-,1.0
189-2,-,-,1.0
189-K,,,
19-1,MLB1754398064,MLB1754398064|MLB1754398068|MLB1754398071|MLB1754403273|MLB1754403275|MLB1754406574,6.0
19/JAN,,,
190,MLB2000725808,MLB2000725808|MLB3562120261|MLB4352976770,3.0
192,,,
194,,,
194-K,MLB2156469166,MLB2156469166|MLB3426736760,2.0
195,,,
195-K,,,
196,,,
198-1,MLB2026802362,MLB2026802362|MLB3079904547|MLB3576638829,3.0
198-2,MLB3983900449,MLB3983900449|MLB4392790418,2.0
198-3,MLB2026809477,MLB2026809477|MLB3151829015,2.0
198-4,MLB2026790393,MLB2026790393|MLB2026796766,2.0
199,,,
002,MLB1984823376,MLB1984823376|MLB1984832123|MLB2894827496|MLB2894827501|MLB3564167505,5.0
020,MLB1984861692,MLB1984861692|MLB2933316403|MLB4333704744,3.0
200,,,
203,MLB2027888744,MLB2027888744|MLB2997355688,2.0
208,,,
021,,,
210,,,
214,,,
218,,,
219-K4,,,
219-K6,,,
220,,,
220-K6,,,
221,MLB2027931977,MLB2027931977|MLB4433320474,2.0
222-1,MLB2121724318,MLB2121724318|MLB3277994325|MLB3419452288,3.0
222-2,MLB2121738095,MLB2121738095|MLB4512661002|MLB4670241206|MLB4670292924|MLB4670396294,5.0
222-K,MLB2121744443,MLB2121744443,1.0
223,MLB2041051833,MLB2041051833|MLB4356513338|MLB5799633986|MLB5799754520,4.0
225,,,
227-1,-,-,1.0
227-2,-,-,1.0
228,MLB2028235586,MLB2028235586|MLB2950828149|MLB3564109883|MLB4356852352,4.0
023,MLB1985589133,MLB1985589133|MLB4334035248,2.0
230-1,,,
230-2,,,
230-K,,,
231,,,
231-1,,,
232-1,-,-,1.0
232-2,MLB2986686861,MLB2986686861|MLB3524022099|MLB4242821568,3.0
232-5,-,-,1.0
232-6,,,
234,,,
236,,,
238-1,,,
238-2,,,
238-K,,,
239-1,,,
239-2,,,
239-K,,,
241,MLB2069105883,MLB2069105883|MLB3151181904|MLB3151206855|MLB3151207086|MLB3553306191|MLB4326100438|MLB4407660734|MLB5700799638,8.0
241-1,MLB2785924487,MLB2785924487|MLB3564793417|MLB4334094249,3.0
243,,,
244,,,
245,MLB2029586794,MLB2029586794|MLB2029606011|MLB3654137869,3.0
246,MLB1960550832,MLB1960550832|MLB1960560520,2.0
248,,,
250-1,,,
250-2,MLB2070880558,MLB2070880558|MLB3279320197|MLB3438472595,3.0
250-K,,,
251,MLB2069158192,MLB2069158192|MLB3006387706|MLB3379329771|MLB3576238175|MLB4165369732,5.0
252-1,MLB2064402990,MLB2064402990|MLB2915600373|MLB3892173916,3.0
252-2,MLB2064402995,MLB2064402995,1.0
252-K,MLB2064415567,MLB2064415567|MLB3287683073|MLB3467687640,3.0
254-1,,,
254-1-CONEXÃO,,,
254-1-REFIL,,,
254-1-TUBO,,,
254-3,,,
256,MLB2044178742,MLB2044178742|MLB3033139250|MLB3081508110|MLB3081705456|MLB3377290785|MLB3386957411|MLB4057913998|MLB4060785769|MLB5394878926,9.0
257,MLB2041002449,MLB2041002449|MLB2041007475|MLB2041045955|MLB3006620220|MLB3935451177,5.0
257-1,,,
258,,,
259,,,
264,,,
268,,,
27-1,-,-,1.0
27-2,-,-,1.0
27-K,MLB1985658166,MLB1985658166|MLB2042391071,2.0
27/FEV,,,
27/JAN,,,
272,,,
272-K4,,,
272-K8,,,
273,MLB1971107441,MLB1971107441|MLB1971120417|MLB3006767607|MLB4397783000,4.0
274,,,
275-19,MLB2986735609,MLB2986735609|MLB5996894230,2.0
275-5,MLB1971104633,MLB1971104633|MLB3288374879,2.0
276,MLB1961932123,MLB1961932123,1.0
277,,,
278,MLB1960412973,MLB1960412973|MLB1960417346|MLB1960422165|MLB3022189347|MLB3022302274,5.0
279,MLB2030860768,MLB2030860768|MLB3601910705,2.0
280,MLB1961850617,MLB1961850617|MLB1961852000|MLB2926088479|MLB3596218285,4.0
280-K,MLB3922851097,MLB3922851097|MLB4848986660|MLB5202483004,3.0
281,,,
282,,,
285,MLB4113974573,MLB4113974573,1.0
286,MLB1984439649,MLB1984439649|MLB1984448244|MLB1984448319|MLB1984448321|MLB3565129843|MLB3602661979|MLB5113786214,7.0
287,,,
289,MLB1978126939,MLB1978126939,1.0
290,MLB1986895010,MLB1986895010|MLB1986900887|MLB1986900888|MLB3265912775|MLB3347878458|MLB3457840421,6.0
291,,,
291-1,MLB3298324219,MLB3298324219|MLB3298348397|MLB3298372667|MLB3355639123|MLB3525625844,5.0
292,MLB2030919286,MLB2030919286|MLB3727614849|MLB4068455831,3.0
294,,,
295,MLB1984386684,MLB1984386684|MLB1984394218|MLB4359755620|MLB4359774366,4.0
297,,,
297-K,,,
298,,,
298-K,MLB4103721403,MLB4103721403|MLB5453739958|MLB5453919846,3.0
299-1,-,-,1.0
299-2,-,-,1.0
303,,,
306-10-K,,,
306-2-K,,,
307,,,
307-1,,,
307-2,MLB3885091347,MLB3885091347|MLB3885272231|MLB3885317533,3.0
307-K,,,
308,,,
308-1,,,
309.1,MLB4487060683,MLB4487060683|MLB6301388104|MLB6301657494,3.0
31-A,,,
31-B,,,
31-C,,,
31-D,,,
310,MLB3361987231,MLB3361987231|MLB3582691365|MLB3962309413|MLB4103999719,4.0
312,MLB2031818180,MLB2031818180|MLB3565991557,2.0
313,MLB2039755990,MLB2039755990|MLB2039775254|MLB3031977976,3.0
314,,,
314-K,,,
315,,,
315-K,,,
316,MLB2063101460,MLB2063101460|MLB2063120868|MLB3032604721|MLB4362495004|MLB4362573546,5.0
318,MLB2065150709,MLB2065150709|MLB3032696999|MLB3032760921|MLB4362687096|MLB4362766994,5.0
319,MLB2059442581,MLB2059442581|MLB2059448896|MLB3568256741,3.0
032,,,
32-K,,,
320,,,
320-1,,,
321-1,,,
321-2,,,
321-K,,,
322-104-32,,,
322-104-32-O,,,
322-104-34,,,
322-104-34-O,,,
322-104-36,,,
322-104-36-O,,,
322-104-38,,,
322-104-38-O,,,
322-104-40,,,
322-104-42,,,
322-104-44,,,
322-104-46,,,
322-104-48,,,
322-104-50,,,
322-104-52,,,
322-94/96-32,,,
322-94/96-32-O,,,
322-94/96-34,,,
322-94/96-34-O,,,
322-94/96-36,,,
322-94/96-36-O,,,
322-94/96-38,,,
322-94/96-38-O,,,
322-96A-32,,,
322-96A-32-O,,,
322-96A-34,,,
322-96A-34-O,,,
322-96A-36,,,
322-96A-36-O,,,
322-96A-38,,,
322-96A-38-O,,,
322-GC-03,,,
322-GC-05,,,
322-GC-BB,,,
322-SHI-30,,,
322-SHI-32,,,
322-SHI-34,,,
322-SHI-36,,,
322-SHI-38,,,
322-SRAM-30,,,
322-SRAM-32,,,
322-SRAM-34,,,
322-SRAM-36,,,
322-SRAM-38,,,
324,MLB2074931217,MLB2074931217|MLB3737462448|MLB4056151659,3.0
325-1,,,
325-2,,,
326,MLB2063178138,MLB2063178138|MLB2063191042,2.0
327,MLB2068135950,MLB2068135950|MLB3036134540|MLB4369968520,3.0
033,,,
331,MLB2142097223,MLB2142097223,1.0
331-1,,,
331-1-K,,,
331-K,MLB2121802426,MLB2121802426,1.0
332,,,
332-K,,,
333,MLB2121775728,MLB2121775728,1.0
333-K,MLB2121794656,MLB2121794656,1.0
336,MLB4518818693,MLB4518818693|MLB4518880769|MLB6433811960,3.0
337,,,
341,MLB2079306227,MLB2079306227|MLB2079312589|MLB2079332047,3.0
342,MLB2081890398,MLB2081890398|MLB2991319103|MLB3042268759|MLB3548384971|MLB4312453416|MLB4379616141,6.0
343,MLB2087066503,MLB2087066503|MLB5619478228|MLB5841178986,3.0
344,MLB2103639726,MLB2103639726|MLB3243093717|MLB3243118011,3.0
344-K,MLB2103621703,MLB2103621703,1.0
345,,,
346,MLB2120234033,MLB2120234033|MLB4411212850,2.0
347,MLB2103546858,MLB2103546858|MLB5266062134|MLB5266087708,3.0
349,MLB2113076838,MLB2113076838|MLB3583863743,2.0
035,,,
350-1,MLB2077459394,MLB2077459394|MLB3558151207,2.0
351,,,
352,MLB2121300018,MLB2121300018|MLB2121300019|MLB2121318800|MLB3079660599|MLB3079691929,5.0
353,,,
354,MLB2116318330,MLB2116318330|MLB2116324585|MLB2116337476|MLB3076878592|MLB3076885083,5.0
355,,,
357,MLB2127140953,MLB2127140953|MLB2127160487|MLB3584436853|MLB3584541045,4.0
358,MLB3438431953,MLB3438431953|MLB3866615819|MLB3899732231|MLB4106425531,4.0
360,MLB2108564402,MLB2108564402|MLB2108564404|MLB2108581259|MLB4006302981,4.0
361,MLB2152568189,MLB2152568189|MLB2152605963|MLB2152622019|MLB3287240077|MLB4233190554|MLB4233340414,6.0
362,,,
363,MLB2131159219,MLB2131159219|MLB2131178655|MLB4373163012|MLB4498882640,4.0
364,,,
364-1,-,-|MLB4266161825,2.0
364-2,-,-,1.0
364-3,-,-,1.0
364-4,-,-,1.0
365,,,
366,,,
367,,,
367-K,,,
368,,,
369,MLB2139730005,MLB2139730005|MLB3569981471|MLB4007049949,3.0
037,MLB1985747751,MLB1985747751|MLB1985755395|MLB3556439077,3.0
371,MLB2170238955,MLB2170238955|MLB2170257124|MLB4375783552|MLB4375795068,4.0
372,,,
373,MLB2162495353,MLB2162495353|MLB6142218880|MLB6142841484,3.0
374-1,-,-,1.0
374-2,-,-,1.0
374-K,MLB2158551122,MLB2158551122|MLB2158557475|MLB3943739679,3.0
375-1,-,-,1.0
375-2,-,-,1.0
375-K,,,
376,,,
377-2,-,-,1.0
377-4,-,-,1.0
377-4-K,MLB2176999312,MLB2176999312|MLB3585879941|MLB4775238928|MLB4775303244,4.0
377-4K,,,
379,,,
379-1,MLB2162528000,MLB2162528000|MLB3287567729|MLB5374329122,3.0
379-2,,,
379-3,,,
379-4,,,
379-5,,,
380,MLB2179970413,MLB2179970413|MLB2179982700|MLB2179988899|MLB2180006875|MLB3374664285,5.0
381,MLB4354242764,MLB4354242764,1.0
382,,,
384,MLB2696135527,MLB2696135527|MLB2696135528|MLB2696185988|MLB3125546946|MLB4750056848,5.0
385-2,-,-,1.0
385-3,-,-,1.0
385-4,-,-,1.0
391,MLB2612422816,MLB2612422816|MLB2612440458|MLB3509386405|MLB3944426609,4.0
392-1,,,
392-2,,,
392-K,,,
393-1,,,
393-2,,,
394-1,,,
394-2,,,
395,,,
396,MLB2676804176,MLB2676804176|MLB2676834764|MLB2676847030|MLB3604183763|MLB3747794275,5.0
397,MLB2662064371,MLB2662064371|MLB2662070649|MLB3651679373,3.0
398,MLB2661398753,MLB2661398753|MLB2661418026|MLB2661418027|MLB3349539231|MLB4503499410,5.0
399,,,
4-1,,,
4-2,,,
401,MLB2665950771,MLB2665950771|MLB2665997871,2.0
402,,,
403,,,
405,MLB2665560176,MLB2665560176|MLB2665578070|MLB3379860753|MLB5414540178,4.0
406,MLB2674654660,MLB2674654660|MLB2674693047|MLB2674699533|MLB3355603269,4.0
407,,,
408,MLB2744552225,MLB2744552225|MLB3539262044|MLB4771509154,3.0
410,MLB2798849114,MLB2798849114|MLB2798920215|MLB2798936606|MLB3596306433,4.0
411,MLB2891461901,MLB2891461901|MLB2891603596|MLB2891603600|MLB3042535174|MLB3042634461|MLB3571999085,6.0
412,,,
412-1,-,-,1.0
412-2,-,-,1.0
412-22,-,-,1.0
412-3,-,-,1.0
412-4,-,-,1.0
412-44,-,-,1.0
412-5,-,-,1.0
412-55,-,-,1.0
412-6,-,-,1.0
412-7,-,-,1.0
412-8,-,-,1.0
412-9,-,-,1.0
413,,,
413,,,
415,MLB3343874347,MLB3343874347|MLB3343944605|MLB4657518424|MLB4657555476|MLB4657581472,5.0
416,MLB3021620072,MLB3021620072|MLB3021620083|MLB3050000331,3.0
417,MLB3254083015,MLB3254083015|MLB3269670502|MLB3269880568|MLB3958965489|MLB4190741461|MLB4297486130,6.0
417-2,,,
419-1,,,
419-2,,,
419-K,,,
420,,,
421,,,
422,,,
422-K,,,
423,,,
423-2,,,
425,,,
425-1,MLB4049706672,MLB4049706672|MLB4049731872|MLB4049732004|MLB4049767680,4.0
425-2,,,
426-1,-,-,1.0
426-2,-,-,1.0
426-K,MLB3502508943,MLB3502508943|MLB3502509157|MLB4183515444|MLB4183515600|MLB4183547432,5.0
427,MLB3502651701,MLB3502651701|MLB3502651779|MLB4183842990|MLB4183869070,4.0
428-1,-,-,1.0
428-2,-,-,1.0
428-K,MLB4179265284,MLB4179265284|MLB4179300472|MLB4179310894|MLB4179312144,4.0
429,,,
430,MLB3502691741,MLB3502691741|MLB3502691867|MLB3502716727|MLB4184011272|MLB4955974440,5.0
431,,,
432,,,
433-1,,,
433-2,,,
434,,,
435-1,,,
435-2,,,
435-K,,,
436,,,
436-1,-,-,1.0
436-2,-,-,1.0
436-3,-,-,1.0
436-4,-,-,1.0
437,,,
438,,,
439,,,
044,,,
44-1,,,
44-K,,,
44-K4,,,
44-K6,,,
440,,,
441,,,
442,,,
443,MLB5185955128,MLB5185955128,1.0
444-1-K,,,
444-2-K,,,
444-K2-1,,,
444-K3,,,
444-K3-1,,,
444-K3-2,,,
445,,,
446,MLB3902435207,MLB3902435207|MLB3967142419|MLB5166616316|MLB5166616368,4.0
447,,,
448,,,
449-1,MLB4540101233,MLB4540101233|MLB4540104563|MLB6477438106|MLB6477590784|MLB6477646248,5.0
449-2,,,
449-K,MLB4944444726,MLB4944444726|MLB4944482982,2.0
450,MLB3790875155,MLB3790875155|MLB3790877175|MLB4090357929,3.0
451,,,
451-1,-,-|MLB4000715459|MLB4000895541,3.0
451-2,-,-|MLB3998163089,2.0
451-K,MLB3792233449,MLB3792233449|MLB3999326941|MLB4939545646|MLB4939557412,4.0
452,MLB3783467275,MLB3783467275|MLB3833309681|MLB4936573640,3.0
453,,,
454,MLB4192475945,MLB4192475945|MLB5530093628|MLB5671293580|MLB5671294838,4.0
455-1,,,
455-2,,,
455-K,,,
456,MLB3840995325,MLB3840995325|MLB5054931426|MLB5054983076|MLB5055031430,4.0
457,,,
457-1,,,
457-2,MLB3789242767,MLB3789242767,1.0
458-1,MLB4913278978,MLB4913278978|MLB4942976702|MLB4943028012|MLB4943054490,4.0
458-2,MLB3884217515,MLB3884217515|MLB3884242075|MLB5997259200,3.0
458-3,,,
458-K,,,
458-K3,,,
459,MLB3913287197,MLB3913287197|MLB3913396243|MLB3913408297|MLB5187032368,4.0
046,MLB1987804808,MLB1987804808|MLB1987804809|MLB2928466676|MLB2928632506|MLB3465314544,5.0
460,,,
461,,,
462,,,
463,,,
464,,,
464-K,,,
464-K10,,,
464-K3,,,
464-K5,,,
465,,,
467,,,
468,,,
469,,,
047,MLB1987808419,MLB1987808419,1.0
471,,,
472,,,
473,,,
474,,,
475,,,
476,,,
477,,,
478,,,
479,,,
480,,,
481,,,
482,,,
484-1,,,
484-2,,,
487,,,
488,,,
489,,,
049,,,
490,,,
491,,,
492,,,
493,,,
495,,,
496,,,
498,,,
499,,,
005,MLB1984903133,MLB1984903133|MLB1984905629|MLB2931735593,3.0
500,,,
501,,,
502,,,
503-1,,,
503-2,,,
503-3,,,
503-4,,,
504,,,
505,,,
506,,,
507,,,
508,,,
509,,,
511,,,
512-K,,,
513-K,,,
514,,,
515,,,
516-K,,,
517-K,,,
518-K,,,
519,,,
052,MLB1987802723,MLB1987802723|MLB1987809522|MLB4104078305|MLB4335219706,4.0
52-1,MLB4761872520,MLB4761872520|MLB4762006540,2.0
520-1,,,
520-2,,,
520-3,,,
521,,,
053,MLB2043212082,MLB2043212082|MLB2043231421|MLB2928702784|MLB2928792686|MLB2928799512,5.0
055,,,
059,MLB2049037465,MLB2049037465|MLB2049089564|MLB2981545786|MLB2981782049|MLB4445536326,5.0
060,,,
60-K4,,,
061,MLB2026743334,MLB2026743334|MLB3557236595|MLB3557326171|MLB5720915150,4.0
062,MLB1987841102,MLB1987841102|MLB1987841103|MLB1987848106|MLB2982339511|MLB3381044631,5.0
066,MLB1988756796,MLB1988756796|MLB2982488710,2.0
070,MLB1988781236,MLB1988781236|MLB2928706612|MLB2928757624|MLB2928808856|MLB2928814459,5.0
70-K,MLB1988792599,MLB1988792599|MLB2928875422|MLB3551783947,3.0
071,MLB2026788344,MLB2026788344|MLB2026820566|MLB3373224124|MLB3557424429,4.0
078,-,-,1.0
079,-,-,1.0
008,,,
080,MLB1988927706,MLB1988927706,1.0
081,MLB2031655802,MLB2031655802|MLB2087259778|MLB2087277360,3.0
81-K,MLB3124015905,MLB3124015905|MLB3124052019|MLB3680635594|MLB4481241058|MLB4481253760,5.0
082,MLB2068147397,MLB2068147397|MLB4586328416|MLB5415931218|MLB5416026190|MLB5416036662,5.0
82-K,MLB2068200150,MLB2068200150|MLB2985989720|MLB2986034942,3.0
94-1,,,
94-2,,,
099,MLB2041012158,MLB2041012158|MLB2068217472|MLB2068228159|MLB2986429903|MLB3557539233,5.0
99-1,MLB3137138717,MLB3137138717|MLB3137145071|MLB3137151472|MLB3137151482|MLB3852698189|MLB4337875236,6.0
T417,,,
TIK06,MLB6000643338,MLB6000643338,1.0