arquivo,sku,nome,produto_bling,ncm,categoria_anterior,categoria_nova,regra_pis_cofins
info\000002\cadastro_produtos.csv,008-1,Car roof antenna,Lâmpada Xenon D4r 6000k,8539.90.90,Manutenção automotiva,Componentes elétricos e iluminação,geral_2_10_10_25
info\000002\cadastro_produtos.csv,105,Car fuel level sensor,Boia Sensor Nivel Combustível  Gasolina,9026.10.29,Manutenção automotiva,"Instrumentos, medição e saúde",geral_2_10_10_25
info\000002\cadastro_produtos.csv,115,Throttle body heater outlet pipe,Tubo Saída Corpo Borboleta Tbi  55559353,4009.31.00,Manutenção automotiva,"Plásticos, borrachas e adesivos",geral_2_10_10_25
info\000002\cadastro_produtos.csv,116,Throttle body heater outlet pipe,Mangueira Retorno Reservatório Água Cruze Tracker 2012 À 2016,4009.31.00,Manutenção automotiva,"Plásticos, borrachas e adesivos",geral_2_10_10_25
info\000002\cadastro_produtos.csv,124,Multifunctional dog repeller,Espanta Cachorro Repelente Eletrônico Preto,8543.20.00,Manutenção automotiva,"Eletrônicos, informática e comunicação",geral_2_10_10_25
info\000002\cadastro_produtos.csv,124-1,Multifunctional dog repellent  Yellow color,Aparelho Anti Latido Ultrasonico Apito Adestramento Cães,8543.70.99,Aparelho ultrasônico repelente de cachorro,"Eletrônicos, informática e comunicação",geral_2_10_10_25
info\000002\cadastro_produtos.csv,126,Double U type vibrator,Vibrador U C Clitóris Casal Recarregável Usb Tipo We-vibe,8467.89.00,Aparelho massageador,"Máquinas, ferramentas e equipamentos",geral_2_10_10_25
info\000002\cadastro_produtos.csv,127-17,Double U type vibrator,Vibrador Duplo U C Clitóris Controle Casal Tipo We-vibe Usb Cor: Roxo,9019.10.00,Aparelho massageador,"Eletrônicos, informática e comunicação",geral_2_10_10_25
info\000002\cadastro_produtos.csv,127-9,Double U type vibrator,Vibrador Duplo U C Clitóris Controle Casal Tipo We-vibe Usb Cor: Rosa,9019.10.00,Aparelho ultrasônico repelente de cachorro,"Eletrônicos, informática e comunicação",geral_2_10_10_25
info\000002\cadastro_produtos.csv,129,Water and iron pipe detector scanner,Scanner Parede Detector Tubo Cano Água Pvc Madeira Fio Metal,8471.90.14,Detector de cano de água,"Eletrônicos, informática e comunicação",geral_2_10_10_25
info\000002\cadastro_produtos.csv,129-3,,Scanner Parede Detector Tubo Cano Água Pvc Madeira Fio Metal Com Pilhas,8471.90.14,"Eletr?nicos, inform?tica e comunica??o","Eletrônicos, informática e comunicação",geral_2_10_10_25
info\000002\cadastro_produtos.csv,134,Injector nozzle return hose for van,Mangueira De Retorno Dos Bicos Sprinter 415/515 Original A6510700132,4009.11.00,Manutenção automotiva,"Plásticos, borrachas e adesivos",geral_2_10_10_25
info\000002\cadastro_produtos.csv,137,Pressure regulating valve,Valvula Reguladora Pressao Rail Flauta 1110010028,8414.90.34,Manutenção automotiva,"Válvulas, registros e conexões",geral_2_10_10_25
info\000002\cadastro_produtos.csv,141,2usb-c Hdmi Network Hub Adapter,Adaptador Hub Rede 2usb-c Hdmi,8517.62.54,Hub períférico para microcomputadores,"Eletrônicos, informática e comunicação",geral_2_10_10_25
info\000002\cadastro_produtos.csv,15-1,Automotive ignition knock sensor,Sensor Detonação XL-7 18640-78G0,9032.89.25,Manutenção automotiva,"Instrumentos, medição e saúde",geral_2_10_10_25
info\000002\cadastro_produtos.csv,158,Fuel Pressure Sensor 0281002937,Sensor Pressão Flauta 0281002908,9032.89.81,Manutenção automotiva,"Instrumentos, medição e saúde",geral_2_10_10_25
info\000002\cadastro_produtos.csv,158-1,Fuel Pressure Sensor 0281002937,Sensor Pressão Flauta 0281002908,9032.89.81,Manutenção automotiva,"Instrumentos, medição e saúde",geral_2_10_10_25
info\000002\cadastro_produtos.csv,173,Vehicle fan module,Modulo Ventoinha 1k0959455,8473.30.42,Manutenção automotiva,"Eletrônicos, informática e comunicação",geral_2_10_10_25
info\000002\cadastro_produtos.csv,176,High Common Fuel Rail Pressure Sensor,Sensor Da Flauta Rail 3.2 55pp40-01,9032.89.81,Manutenção automotiva,"Instrumentos, medição e saúde",geral_2_10_10_25
info\000002\cadastro_produtos.csv,192,Motorcycle fuel tap,Torneira Gasolina Combustivel Cb 500,8481.80.19,Manutenção automotiva,"Válvulas, registros e conexões",geral_2_10_10_25
info\000002\cadastro_produtos.csv,194-K,Pair of LED strips with sequential lighting for signaling.,Fita Par Led Flexível Fina Sequencial Farol Drl 60 Cm Carro,8539.29.10,Manutenção automotiva,Componentes elétricos e iluminação,geral_2_10_10_25
info\000002\cadastro_produtos.csv,195,Vehicle lamps 35W 12V 6000k Fitting D4S,Lâmpada Xenon D4s 6000k 35w,8539.90.90,Manutenção automotiva,Componentes elétricos e iluminação,geral_2_10_10_25
info\000002\cadastro_produtos.csv,195-K,Pair of vehicle lamps 35W 12V 6000k Fitting D4S,Par Lâmpada Xenon D4s 6000k 35w,8539.90.90,Manutenção automotiva,Componentes elétricos e iluminação,geral_2_10_10_25
info\000002\cadastro_produtos.csv,196,Motorcycle fuel tap,Torneira Gasolina Combustivel,8481.80.19,Manutenção automotiva,"Bombas, hidráulica e circulação de líquidos",geral_2_10_10_25
info\000002\cadastro_produtos.csv,199,Air Control Valve,Atuador Marcha Lenta 22270,8414.10.00,Manutenção automotiva,"Válvulas, registros e conexões",geral_2_10_10_25
info\000002\cadastro_produtos.csv,002,Fuel tank cap,Tampa Portinhola Tanque Combustivel Ford Focus 2009 a 2013,8431.49.23,Manutenção automotiva,"Plásticos, borrachas e adesivos",geral_2_10_10_25
info\000002\cadastro_produtos.csv,20,Fuel level sensor,Sensor Nível Combustível 3m519a299aa,9026.10.29,Manutenção automotiva,"Instrumentos, medição e saúde",geral_2_10_10_25
info\000002\cadastro_produtos.csv,203,Vehicle pressure regulating valve,Válvula Reguladora Sprinter 9109930a,8414.90.34,Manutenção automotiva,"Bombas, hidráulica e circulação de líquidos",geral_2_10_10_25
info\000002\cadastro_produtos.csv,210,Car Transmitter Receiver with Bluetooth FM Mp3 USB Pendrive,Receptor Transmissor Veicular Com Bluetooth Fm Mp3 Usb Pendr,8527.13.00,Adaptador veícular AM/FM,"Eletrônicos, informática e comunicação",geral_2_10_10_25
info\000002\cadastro_produtos.csv,214,"Ignition Switch
Cardboard box",Comutador De Ignição 931102d000,8535.30.19,Manutenção automotiva,Componentes elétricos e iluminação,geral_2_10_10_25
info\000002\cadastro_produtos.csv,218,Digital laser level and square meter,Esquadro Digital Laser Grau Laser Nível Horizontal Vertical,9017.20.00,Medidor de nivel para construção em geral,"Instrumentos, medição e saúde",geral_2_10_10_25
info\000002\cadastro_produtos.csv,222-K,Pair of rear warning lights for the vehicle,Pisca Seta Retrovisor Carona Motorista Lado (Par Direito esquerdo),8539.90.90,Manutenção automotiva,Componentes elétricos e iluminação,geral_2_10_10_25
info\000002\cadastro_produtos.csv,223,Vehicle fuel level sensor,Sensor Nível Boia De Combustível Hyundai Ix-35 Gasolina,9026.90.10,Manutenção automotiva,"Instrumentos, medição e saúde",geral_2_10_10_25
info\000002\cadastro_produtos.csv,225,Canister valve 0280142431,Válvula Canister  06h906517b 0280142459,8414.90.34,Manutenção automotiva,"Válvulas, registros e conexões",geral_2_10_10_25
info\000002\cadastro_produtos.csv,228,Motorcycle LED Signal Strip,Farol Lanterna Traseira Pisca Moto Custom Race Fita 48 Leds,8539.90.90,Manutenção automotiva,Componentes elétricos e iluminação,geral_2_10_10_25
info\000002\cadastro_produtos.csv,236,Vehicle fan resistance,Resistência Ventoinha 9673999980,8533.21.90,Manutenção automotiva,Componentes elétricos e iluminação,geral_2_10_10_25
info\000002\cadastro_produtos.csv,241,Motorcycle Phone Holder with USB Switch,Suporte Celular BMW Gps R 1200 R 1250 Gs F 850 F 800,8504.40.10,Suporte de celular para motos,"Eletrônicos, informática e comunicação",geral_2_10_10_25
info\000002\cadastro_produtos.csv,241-1,Mobile phone holder with and wireless changer,Suporte Celular BMW Gs1200 1250 F850 Xr 1000 Por Indução,8504.40.10,Suporte de celular para motos,"Eletrônicos, informática e comunicação",geral_2_10_10_25
info\000002\cadastro_produtos.csv,248,Vehicle speed sensor with gear,Sensor Velocidade 2501074p01,9029.90.10,Manutenção automotiva,"Instrumentos, medição e saúde",geral_2_10_10_25
info\000002\cadastro_produtos.csv,256,Foam water gun,Snow Foam Esguicho Shampoozeira Lavagem Cera Reservatório,8424.82.29,Pistola de água,"Máquinas, ferramentas e equipamentos",geral_2_10_10_25
info\000002\cadastro_produtos.csv,272,Vehicle Engine Balancer Shaft Sieve Filter,Filtro Peneira Eixo Balanceador,9604.00.00,Manutenção automotiva,Filtros e purificação,geral_2_10_10_25
info\000002\cadastro_produtos.csv,272-K4,Vehicle Engine Balancer Shaft Sieve Filter,Filtro Peneira Eixo Balanceador (4pçs),9604.00.00,Manutenção automotiva,Filtros e purificação,geral_2_10_10_25
info\000002\cadastro_produtos.csv,272-K8,Vehicle Engine Balancer Shaft Sieve Filter,Filtro Peneira Eixo Balanceador (8pçs),9604.00.00,Manutenção automotiva,Filtros e purificação,geral_2_10_10_25
info\000002\cadastro_produtos.csv,274,Vehicle air conditioning temperature sensor,Sensor Temperatura Ar Condicionado 97143-1m000,9032.89.82,Manutenção automotiva,"Instrumentos, medição e saúde",geral_2_10_10_25
info\000002\cadastro_produtos.csv,277,Vehicle engine air intake hosw,Mangueira Filtro Ar Tbi 2710900982 2710900682,4009.31.00,Manutenção automotiva,Filtros e purificação,geral_2_10_10_25
info\000002\cadastro_produtos.csv,278,Vehicle engine air intake hose,Mangueira De Entrada De Ar 2700900382,4009.31.00,Manutenção automotiva,Filtros e purificação,geral_2_10_10_25
info\000002\cadastro_produtos.csv,279,Vehicle engine air intake hose,Mangueira De Entrada De Ar Mercedes A200 B200 Cla E Gla,4009.31.00,Manutenção automotiva,Filtros e purificação,geral_2_10_10_25
info\000002\cadastro_produtos.csv,280,Retainer for vehicle valve control,Retentor Do Comando De Valvulas 55563374,4016.93.00,Manutenção automotiva,"Válvulas, registros e conexões",geral_2_10_10_25
info\000002\cadastro_produtos.csv,280-K,,Retentor Do Comando De Valvulas 55563374 2un,4016.93.00,"V?lvulas, registros e conex?es","Válvulas, registros e conexões",geral_2_10_10_25
info\000002\cadastro_produtos.csv,282,Hub lock actuator for vehicle,Roda Fonica Ssangyong Actyon Kyron Rexton Korando 4151009000,8543.20.00,Manutenção automotiva,"Eletrônicos, informática e comunicação",geral_2_10_10_25
info\000002\cadastro_produtos.csv,291,Vehicle battery fuse board,Placa De Fusíveis Bateria Peugeot 3008 C4 Picasso 6500gr,8535.10.00,Manutenção automotiva,Componentes elétricos e iluminação,geral_2_10_10_25
info\000002\cadastro_produtos.csv,294,Turbine oil return pipe 037979,Tubo Cano Óleo Retorno Turbina Peugeot Thp 1613571980 037989,4009.32.90,Manutenção automotiva,"Plásticos, borrachas e adesivos",geral_2_10_10_25
info\000002\cadastro_produtos.csv,295,Vehicle vacuum pump,Bomba De Vácuo Para Peugeot E Citroen Thp 1.6 16v Turbo 3008,8414.10.00,Manutenção automotiva,"Bombas, hidráulica e circulação de líquidos",geral_2_10_10_25
info\000002\cadastro_produtos.csv,297-K,Pair Front windshield washer nozzle,Par Esguicho Agua Brucutu Cruze 2012 2013 2014 2015 2016,8424.90.90,Manutenção automotiva,"Máquinas, ferramentas e equipamentos",geral_2_10_10_25
info\000002\cadastro_produtos.csv,306-10-K,,Led Parafuso Olho De Águia Carro Moto 23mm - 1 Par Cor: Prata,8539.21.10,Componentes el?tricos e ilumina??o,Componentes elétricos e iluminação,geral_2_10_10_25
info\000002\cadastro_produtos.csv,306-2-K,,Led Parafuso Olho De Águia Carro Moto 23mm - 1 Par Cor: Preto,8539.21.10,Componentes el?tricos e ilumina??o,Componentes elétricos e iluminação,geral_2_10_10_25
info\000002\cadastro_produtos.csv,31-A,Air duct diffuser for Mitsubishi Lancer,Difusor Duto Ar Mitsubishi Lancer Cor: Preto Esquerdo Lateral,8516.90.00,Manutenção automotiva,"Plásticos, borrachas e adesivos",geral_2_10_10_25
info\000002\cadastro_produtos.csv,31-B,Air duct diffuser for Mitsubishi Lancer,Difusor Duto Ar Mitsubishi Lancer Cor: Preto Esquerdo Medial,8516.90.00,Manutenção automotiva,"Plásticos, borrachas e adesivos",geral_2_10_10_25
info\000002\cadastro_produtos.csv,31-C,Air duct diffuser for Mitsubishi Lancer,Difusor Duto Ar Mitsubishi Lancer Cor: Preto Direito Medial,8516.90.00,Manutenção automotiva,"Plásticos, borrachas e adesivos",geral_2_10_10_25
info\000002\cadastro_produtos.csv,31-D,Air duct diffuser for Mitsubishi Lancer,Difusor Duto Ar Mitsubishi Lancer Cor: Preto Direito Lateral,8516.90.00,Manutenção automotiva,"Plásticos, borrachas e adesivos",geral_2_10_10_25
info\000002\cadastro_produtos.csv,310,Vehicle Air Flow Meter,Medidor Fluxo Ar 13800-65D00,9026.90.10,Manutenção automotiva,"Instrumentos, medição e saúde",geral_2_10_10_25
info\000002\cadastro_produtos.csv,319,Hydraulic Actuator Cylinder for vehicle,Cilindro Atuador Hidráulico Embreagem Meriva Easytronic,8412.31.10,Manutenção automotiva,"Bombas, hidráulica e circulação de líquidos",geral_2_10_10_25
info\000002\cadastro_produtos.csv,320,Pair of vehicle lamps 35W 12V 6000k D1S Fitting.,Par Lâmpada Xenon Hid D1s 6000k,8539.90.90,Manutenção automotiva,Componentes elétricos e iluminação,geral_2_10_10_25
info\000002\cadastro_produtos.csv,D104-32,Bicycle Chainring 104 BCD 32-38T,Coroa Unica 32 34 36 38 Dentes Narrow Wide Bcd 104mm Tamanho: 32T,8712.00.90,Manutenção em mountain bike,Bicicletas e acessórios,geral_2_10_10_25
info\000002\cadastro_produtos.csv,D104-32-O,Oval Bicycle Chainring 96 BCD 32-38T,Coroa Unica OVAL 32 34 36 38 Dentes Narrow Wide Bcd 104mm Tamanho: 32T-OVAL,8712.00.90,Manutenção em mountain bike,Bicicletas e acessórios,geral_2_10_10_25
info\000002\cadastro_produtos.csv,D104-34,Bicycle Chainring 104 BCD 32-38T,Coroa Unica 32 34 36 38 Dentes Narrow Wide Bcd 104mm Tamanho: 34T,8712.00.90,Manutenção em mountain bike,Bicicletas e acessórios,geral_2_10_10_25
info\000002\cadastro_produtos.csv,D104-34-O,Oval Bicycle Chainring 96 BCD 32-38T,Coroa Unica OVAL 32 34 36 38 Dentes Narrow Wide Bcd 104mm Tamanho: 34T-OVAL,8712.00.90,Manutenção em mountain bike,Bicicletas e acessórios,geral_2_10_10_25
info\000002\cadastro_produtos.csv,D104-36,Bicycle Chainring 104 BCD 32-38T,Coroa Unica 32 34 36 38 Dentes Narrow Wide Bcd 104mm Tamanho: 36T,8712.00.90,Manutenção em mountain bike,Bicicletas e acessórios,geral_2_10_10_25
info\000002\cadastro_produtos.csv,D104-36-O,Oval Bicycle Chainring 96 BCD 32-38T,Coroa Unica OVAL 32 34 36 38 Dentes Narrow Wide Bcd 104mm Tamanho: 36T-OVAL,8712.00.90,Manutenção em mountain bike,Bicicletas e acessórios,geral_2_10_10_25
info\000002\cadastro_produtos.csv,D104-38,Bicycle Chainring 104 BCD 32-38T,Coroa Unica 32 34 36 38 Dentes Narrow Wide Bcd 104mm Tamanho: 38T,8712.00.90,Manutenção em mountain bike,Bicicletas e acessórios,geral_2_10_10_25
info\000002\cadastro_produtos.csv,D104-38-O,Oval Bicycle Chainring 96 BCD 32-38T,Coroa Unica OVAL 32 34 36 38 Dentes Narrow Wide Bcd 104mm Tamanho: 38T-OVAL,8712.00.90,Manutenção em mountain bike,Bicicletas e acessórios,geral_2_10_10_25
info\000002\cadastro_produtos.csv,D9496-32,Bicycle Chainring 94/96 BCD 32-38T,Coroa Unica 32 34 36 38 Dentes Narrow Wide Bcd 94-96mm Tamanho: 32T,8712.00.90,Manutenção em mountain bike,Bicicletas e acessórios,geral_2_10_10_25
info\000002\cadastro_produtos.csv,D9496-32-O,Oval Bicycle Chainring 94-96 BCD 32-38T,Coroa Unica OVAL 32 34 36 38 Dentes Narrow Wide Bcd 94-96mm Tamanho: 32T-OVAL,8712.00.90,Manutenção em mountain bike,Bicicletas e acessórios,geral_2_10_10_25
info\000002\cadastro_produtos.csv,D9496-34,Bicycle Chainring 94/96 BCD 32-38T,Coroa Unica 32 34 36 38 Dentes Narrow Wide Bcd 94-96mm Tamanho: 34T,8712.00.90,Manutenção em mountain bike,Bicicletas e acessórios,geral_2_10_10_25
info\000002\cadastro_produtos.csv,D9496-34-O,Oval Bicycle Chainring 94-96 BCD 32-38T,Coroa Unica OVAL 32 34 36 38 Dentes Narrow Wide Bcd 94-96mm Tamanho: 34T-OVAL,8712.00.90,Manutenção em mountain bike,Bicicletas e acessórios,geral_2_10_10_25
info\000002\cadastro_produtos.csv,D9496-36,Bicycle Chainring 94/96 BCD 32-38T,Coroa Unica 32 34 36 38 Dentes Narrow Wide Bcd 94-96mm Tamanho: 36T,8712.00.90,Manutenção em mountain bike,Bicicletas e acessórios,geral_2_10_10_25
info\000002\cadastro_produtos.csv,D9496-36-O,Oval Bicycle Chainring 94-96 BCD 32-38T,Coroa Unica OVAL 32 34 36 38 Dentes Narrow Wide Bcd 94-96mm Tamanho: 36T-OVAL,8712.00.90,Manutenção em mountain bike,Bicicletas e acessórios,geral_2_10_10_25
info\000002\cadastro_produtos.csv,D9496-38,Bicycle Chainring 94/96 BCD 32-38T,Coroa Unica 32 34 36 38 Dentes Narrow Wide Bcd 94-96mm Tamanho: 38T,8712.00.90,Manutenção em mountain bike,Bicicletas e acessórios,geral_2_10_10_25
info\000002\cadastro_produtos.csv,D9496-38-O,Oval Bicycle Chainring 94-96 BCD 32-38T,Coroa Unica OVAL 32 34 36 38 Dentes Narrow Wide Bcd 94-96mm Tamanho: 38T-OVAL,8712.00.90,Manutenção em mountain bike,Bicicletas e acessórios,geral_2_10_10_25
info\000002\cadastro_produtos.csv,D96A-32,Oval Bicycle Chainring 96 BCD 32-38T,Coroa Unica 32 34 36 38 Dentes Narrow Wide Bcd 96mm Tamanho: 32T,8712.00.90,Manutenção em mountain bike,Bicicletas e acessórios,geral_2_10_10_25
info\000002\cadastro_produtos.csv,D96A-32-O,Oval Bicycle Chainring 96 BCD 32-38T,Coroa Unica OVAL 32 34 36 38 Dentes Narrow Wide Bcd 96mm Tamanho: 32T-OVAL,8712.00.90,Manutenção em mountain bike,Bicicletas e acessórios,geral_2_10_10_25
info\000002\cadastro_produtos.csv,D96A-34,Oval Bicycle Chainring 96 BCD 32-38T,Coroa Unica 32 34 36 38 Dentes Narrow Wide Bcd 96mm Tamanho: 34T,8712.00.90,Manutenção em mountain bike,Bicicletas e acessórios,geral_2_10_10_25
info\000002\cadastro_produtos.csv,D96A-34-O,Oval Bicycle Chainring 96 BCD 32-38T,Coroa Unica OVAL 32 34 36 38 Dentes Narrow Wide Bcd 96mm Tamanho: 34T-OVAL,8712.00.90,Manutenção em mountain bike,Bicicletas e acessórios,geral_2_10_10_25
info\000002\cadastro_produtos.csv,D96A-36,Oval Bicycle Chainring 96 BCD 32-38T,Coroa Unica 32 34 36 38 Dentes Narrow Wide Bcd 96mm Tamanho: 36T,8712.00.90,Manutenção em mountain bike,Bicicletas e acessórios,geral_2_10_10_25
info\000002\cadastro_produtos.csv,D96A-36-O,Oval Bicycle Chainring 96 BCD 32-38T,Coroa Unica OVAL 32 34 36 38 Dentes Narrow Wide Bcd 96mm Tamanho: 36T-OVAL,8712.00.90,Manutenção em mountain bike,Bicicletas e acessórios,geral_2_10_10_25
info\000002\cadastro_produtos.csv,D96A-38,Oval Bicycle Chainring 96 BCD 32-38T,Coroa Unica 32 34 36 38 Dentes Narrow Wide Bcd 96mm Tamanho: 38T,8712.00.90,Manutenção em mountain bike,Bicicletas e acessórios,geral_2_10_10_25
info\000002\cadastro_produtos.csv,D96A-38-O,Oval Bicycle Chainring 96 BCD 32-38T,Coroa Unica OVAL 32 34 36 38 Dentes Narrow Wide Bcd 96mm Tamanho: 38T-OVAL,8712.00.90,Manutenção em mountain bike,Bicicletas e acessórios,geral_2_10_10_25
info\000002\cadastro_produtos.csv,DGC-03,"MTB Bicycle Chain Guide,",Guia de correntes Deckas MTB de 30 a 40 dentes Tamanho: ISCG03,8712.00.90,Manutenção em mountain bike,Bicicletas e acessórios,geral_2_10_10_25
info\000002\cadastro_produtos.csv,DGC-05,"MTB Bicycle Chain Guide,",Guia de correntes Deckas MTB de 30 a 40 dentes Tamanho: ISCG05,8712.00.90,Manutenção em mountain bike,Bicicletas e acessórios,geral_2_10_10_25
info\000002\cadastro_produtos.csv,DGC-BB,"MTB Bicycle Chain Guide,",Guia de correntes Deckas MTB de 30 a 40 dentes Tamanho: BB 30t-40t,8712.00.90,Manutenção em mountain bike,Bicicletas e acessórios,geral_2_10_10_25
info\000002\cadastro_produtos.csv,DSHI-30,"Round 1×12 Speed Bicycle Chainring, 30-38T, 3 mm Offset",Coroa Unica 30 32 34 36 38 Dentes Narrow Wide DM SHI Tamanho:30T,8712.00.90,Manutenção em mountain bike,Bicicletas e acessórios,geral_2_10_10_25
info\000002\cadastro_produtos.csv,DSHI-32,"Round 1×12 Speed Bicycle Chainring, 30-38T, 3 mm Offset",Coroa Unica 30 32 34 36 38 Dentes Narrow Wide DM SHI Tamanho: 32T,8712.00.90,Manutenção em mountain bike,Bicicletas e acessórios,geral_2_10_10_25
info\000002\cadastro_produtos.csv,DSHI-34,"Round 1×12 Speed Bicycle Chainring, 30-38T, 3 mm Offset",Coroa Unica 30 32 34 36 38 Dentes Narrow Wide DM SHI Tamanho: 34T,8712.00.90,Manutenção em mountain bike,Bicicletas e acessórios,geral_2_10_10_25
info\000002\cadastro_produtos.csv,DSHI-36,"Round 1×12 Speed Bicycle Chainring, 30-38T, 3 mm Offset",Coroa Unica 30 32 34 36 38 Dentes Narrow Wide DM SHI Tamanho: 36T,8712.00.90,Manutenção em mountain bike,Bicicletas e acessórios,geral_2_10_10_25
info\000002\cadastro_produtos.csv,DSHI-38,"Round 1×12 Speed Bicycle Chainring, 30-38T, 3 mm Offset",Coroa Unica 30 32 34 36 38 Dentes Narrow Wide DM SHI Tamanho: 38T,8712.00.90,Manutenção em mountain bike,Bicicletas e acessórios,geral_2_10_10_25
info\000002\cadastro_produtos.csv,DSRAM-30,"Round 1×12 Speed Bicycle Chainring, 30-38T, Direct Mount",Coroa Unica 30 32 34 36 38 Dentes Narrow Wide DM SRAM Tamanho:30T,8712.00.90,Manutenção em mountain bike,Bicicletas e acessórios,geral_2_10_10_25
info\000002\cadastro_produtos.csv,DSRAM-32,"Round 1×12 Speed Bicycle Chainring, 30-38T, Direct Mount",Coroa Unica 30 32 34 36 38 Dentes Narrow Wide DM SRAM Tamanho: 32T,8712.00.90,Manutenção em mountain bike,Bicicletas e acessórios,geral_2_10_10_25
info\000002\cadastro_produtos.csv,DSRAM-34,"Round 1×12 Speed Bicycle Chainring, 30-38T, Direct Mount",Coroa Unica 30 32 34 36 38 Dentes Narrow Wide DM SRAM Tamanho: 34T,8712.00.90,Manutenção em mountain bike,Bicicletas e acessórios,geral_2_10_10_25
info\000002\cadastro_produtos.csv,DSRAM-36,"Round 1×12 Speed Bicycle Chainring, 30-38T, Direct Mount",Coroa Unica 30 32 34 36 38 Dentes Narrow Wide DM SRAM Tamanho: 36T,8712.00.90,Manutenção em mountain bike,Bicicletas e acessórios,geral_2_10_10_25
info\000002\cadastro_produtos.csv,DSRAM-38,"Round 1×12 Speed Bicycle Chainring, 30-38T, Direct Mount",Coroa Unica 30 32 34 36 38 Dentes Narrow Wide DM SRAM Tamanho: 38T,8712.00.90,Manutenção em mountain bike,Bicicletas e acessórios,geral_2_10_10_25
info\000002\cadastro_produtos.csv,326,Air outlet diffuser for the vehicle's rear center console,Difusor Ar Console Central Original,8419.90.90,Manutenção automotiva,"Plásticos, borrachas e adesivos",geral_2_10_10_25
info\000002\cadastro_produtos.csv,327,Vehicle cylinder head water flange,Flange De Água Cabeçote Alumínio,8418.99.00,Manutenção automotiva,"Máquinas, ferramentas e equipamentos",geral_2_10_10_25
info\000002\cadastro_produtos.csv,33,Hose Vehicle throttle body inlet,Mangueira Agua Aquecedor  1.8  1.6 16v 55574685,4009.31.00,Manutenção automotiva,"Plásticos, borrachas e adesivos",geral_2_10_10_25
info\000002\cadastro_produtos.csv,341,Fuel filter for vehicle,Filtro Combustivel 16127233840,8421.29.90,Manutenção automotiva,Filtros e purificação,geral_2_10_10_25
info\000002\cadastro_produtos.csv,342,Universal fuel level display,Marcador Medidor Sensor Nível Combustível Digital Universal,9026.90.10,Manutenção automotiva,Componentes elétricos e iluminação,geral_2_10_10_25
info\000002\cadastro_produtos.csv,343,Vehicle fuel level sensor,Sensor Medidor Nivel Combustivel Tanque,9026.90.10,Manutenção automotiva,"Instrumentos, medição e saúde",geral_2_10_10_25
info\000002\cadastro_produtos.csv,345,Spark Plug Tester,Testador Teste Faísca De Vela Ignição Motor Carro Moto Barco,9030.39.10,Manutenção automotiva,"Instrumentos, medição e saúde",geral_2_10_10_25
info\000002\cadastro_produtos.csv,346,Vehicle oil cooler sealing ring assembly,Anel Vedação Completo Resfriador Trocador Journey 3.6 Ate 13,4016.93.00,Manutenção automotiva,"Plásticos, borrachas e adesivos",geral_2_10_10_25
info\000002\cadastro_produtos.csv,347,Vehicle oil cooler sealing ring assembly,Anel Vedação Retentor Resfriador Dodge Journey Jeep,4016.93.00,Manutenção automotiva,"Plásticos, borrachas e adesivos",geral_2_10_10_25
info\000002\cadastro_produtos.csv,35,Vehicle power steering oil pressure sensor,Sensor Pressão Direção Hidráulica,9032.89.81,Manutenção automotiva,"Bombas, hidráulica e circulação de líquidos",geral_2_10_10_25
info\000002\cadastro_produtos.csv,350-1,,Tapete De Água Inflável Atividades Almofada Infantil Bebê Sem borda,9506.99.00,Esportes e lazer,Esportes e lazer,geral_2_10_10_25
info\000002\cadastro_produtos.csv,351,,Bóia Sensor Nivel Combustível Tanque Outlander,9026.90.10,"Instrumentos, medi??o e sa?de","Instrumentos, medição e saúde",geral_2_10_10_25
info\000002\cadastro_produtos.csv,354,Vehicle fuel level sensor,Sensor Nivel Combustivel Pajero,9026.90.10,Manutenção automotiva,"Instrumentos, medição e saúde",geral_2_10_10_25
info\000002\cadastro_produtos.csv,357,Spiral drill bit for soil drilling,Super Broca Helicoidal P/ Solo Terra Jardim Espiral Metal,8207.50.11,Broca para solo,"Máquinas, ferramentas e equipamentos",geral_2_10_10_25
info\000002\cadastro_produtos.csv,358,Palm Rejection Stylus Pen for Tablet,Caneta Pencil Stylus 1.0mm,9608.20.00,Acessório para celulares e tablet,"Plásticos, borrachas e adesivos",geral_2_10_10_25
info\000002\cadastro_produtos.csv,360,Crankshaft seal on flywheel side,Retentor Virabrequim Lado Volante Honda Civic 92-06,4016.93.00,Manutenção automotiva,"Plásticos, borrachas e adesivos",geral_2_10_10_25
info\000002\cadastro_produtos.csv,364,Cell phone adapter for induction charging,Adaptador Sem Fio Wireless Qi Indução,8504.40.10,Acessório para celulares e tablet,"Eletrônicos, informática e comunicação",geral_2_10_10_25
info\000002\cadastro_produtos.csv,364-1,Cell phone adapter for induction charging,Adaptador Sem Fio Wireless Qi Indução Type: A,8504.40.10,Acessório para celulares e tablet,"Eletrônicos, informática e comunicação",geral_2_10_10_25
info\000002\cadastro_produtos.csv,364-2,Cell phone adapter for induction charging,Adaptador Sem Fio Wireless Qi Indução Type: B,8504.40.10,Acessório para celulares e tablet,"Eletrônicos, informática e comunicação",geral_2_10_10_25
info\000002\cadastro_produtos.csv,364-3,Cell phone adapter for induction charging,Adaptador Sem Fio Wireless Qi Indução Type: C,8504.40.10,Acessório para celulares e tablet,"Eletrônicos, informática e comunicação",geral_2_10_10_25
info\000002\cadastro_produtos.csv,364-4,Cell phone adapter for induction charging,Adaptador Sem Fio Wireless Qi Indução Type: iPhone,8504.40.10,Acessório para celulares e tablet,"Eletrônicos, informática e comunicação",geral_2_10_10_25
info\000002\cadastro_produtos.csv,368,Idle Speed Actuator for vehicle,Atuador De Marcha Lenta 22270-00040,8481.80.99,Manutenção automotiva,"Válvulas, registros e conexões",geral_2_10_10_25
info\000002\cadastro_produtos.csv,369,Vehicle water pump bypass pipe,Tubo Bypass Bomba De Agua 68211200AC,3917.39.00,Manutenção automotiva,"Bombas, hidráulica e circulação de líquidos",geral_2_10_10_25
info\000002\cadastro_produtos.csv,37,Automatic Transmission Speed Sensor for Vehicle,Sensor De Rotação Câmbio Automático A3 Golf Bora 01m927321b,9032.89.23,Manutenção automotiva,"Instrumentos, medição e saúde",geral_2_10_10_25
info\000002\cadastro_produtos.csv,373,,Carcaça E Válvula Termostática 68003582AB 4884569AB 68003582AA,8481.80.21,"V?lvulas, registros e conex?es","Válvulas, registros e conexões",geral_2_10_10_25
info\000002\cadastro_produtos.csv,375-1,LED Signal Lights for Sorento,Seta Pisca Retrovisor 87613-2P000-FC 87623-2P000-FC Direito: ( Passageiro ),8539.90.90,Manutenção automotiva,Componentes elétricos e iluminação,geral_2_10_10_25
info\000002\cadastro_produtos.csv,375-2,LED Signal Lights for Sorento,Seta Pisca Retrovisor 87613-2P000-FC 87623-2P000-FC Esquerdo: ( Motorista ),8539.90.90,Manutenção automotiva,Componentes elétricos e iluminação,geral_2_10_10_25
info\000002\cadastro_produtos.csv,377-2,Underwater light for boats and motorboats 27 LEDs,Luz Lâmpada Subaquática 27 Leds Super Potência Barco Lancha Cor: Branco,8539.29.10,Acessórios para embarcações,Componentes elétricos e iluminação,geral_2_10_10_25
info\000002\cadastro_produtos.csv,377-4,Underwater light for boats and motorboats 27 LEDs,Luz Lâmpada Subaquática 27 Leds Super Potência Barco Lancha Cor: Azul,8539.29.10,Acessórios para embarcações,Componentes elétricos e iluminação,geral_2_10_10_25
info\000002\cadastro_produtos.csv,377-4-K,,2 Luz Lâmpada Subaquática 27 Leds Super Potência Barco Lancha Azul,8539.29.10,Componentes el?tricos e ilumina??o,Componentes elétricos e iluminação,geral_2_10_10_25
info\000002\cadastro_produtos.csv,377-4K,,2 Luz Lâmpada Subaquática 27 Leds Super Potência Barco Lancha Azul,8539.29.10,Componentes el?tricos e ilumina??o,Componentes elétricos e iluminação,geral_2_10_10_25
info\000002\cadastro_produtos.csv,379-1,Hose seal ring 14463-5X04B,Kit Anéis Vedação Da Mangueira Intercooler,4016.93.00,Manutenção automotiva,"Plásticos, borrachas e adesivos",geral_2_10_10_25
info\000002\cadastro_produtos.csv,379-2,Clips Intercooler 14463-5X04B'',Presilhas Mangueira Intercooler,4009.12.90,Manutenção automotiva,"Plásticos, borrachas e adesivos",geral_2_10_10_25
info\000002\cadastro_produtos.csv,379-3,O-ring and hose clips 14463-5X04B,Anéis + Travas Da Mangueira intercooler,4016.93.00,Manutenção automotiva,"Plásticos, borrachas e adesivos",geral_2_10_10_25
info\000002\cadastro_produtos.csv,379-4,Clips Intercooler 14463-5X04B,Trava Mangueira Intercooler (Menor),4009.12.90,Manutenção automotiva,"Plásticos, borrachas e adesivos",geral_2_10_10_25
info\000002\cadastro_produtos.csv,379-5,O-ring and hose clips 14463-5X04B,Kit Anéis Presilhas Mangueira Intercooler,4016.93.00,Manutenção automotiva,"Plásticos, borrachas e adesivos",geral_2_10_10_25
info\000002\cadastro_produtos.csv,384,Intercooler hose for vehicles 14463-5X04B,Mangueira Intercooler Turbina 144635X02B 144635X00B 144635X04B,4009.42.90,Manutenção automotiva,"Plásticos, borrachas e adesivos",geral_2_10_10_25
info\000002\cadastro_produtos.csv,385-2,Underwater light for boats and motorboats 42 LEDs,Luz Subaquática Submarina 42 Leds 12v Barcos Lanchas Iates Cor: Branco,8539.21.10,Acessórios para embarcações,Componentes elétricos e iluminação,geral_2_10_10_25
info\000002\cadastro_produtos.csv,385-3,Underwater light for boats and motorboats 42 LEDs,Luz Subaquática Submarina 42 Leds 12v Barcos Lanchas Iates Cor:Verde,8539.21.10,Acessórios para embarcações,Componentes elétricos e iluminação,geral_2_10_10_25
info\000002\cadastro_produtos.csv,385-4,Underwater light for boats and motorboats 42 LEDs,Luz Subaquática Submarina 42 Leds 12v Barcos Lanchas Iates Cor: Azul,8539.21.10,Acessórios para embarcações,Componentes elétricos e iluminação,geral_2_10_10_25
info\000002\cadastro_produtos.csv,391,8 inch manual suction cup,Ventosa Manual 200kg,3926.90.90,Ferramenta de construção,"Bombas, hidráulica e circulação de líquidos",geral_2_10_10_25
info\000002\cadastro_produtos.csv,393-1,50mm rubber sealing ring,Anel Vedação Da Mangueira Intercooler Maior,4016.93.00,Manutenção automotiva,"Plásticos, borrachas e adesivos",geral_2_10_10_25
info\000002\cadastro_produtos.csv,393-2,50mm rubber sealing ring,Anel Vedação Da Mangueira Intercooler Menor,4016.93.00,Manutenção automotiva,"Plásticos, borrachas e adesivos",geral_2_10_10_25
info\000002\cadastro_produtos.csv,394-1,50mm hose clamp,Trava Presília Mangueira Intercooler Maior,4016.93.00,Manutenção automotiva,"Plásticos, borrachas e adesivos",geral_2_10_10_25
info\000002\cadastro_produtos.csv,394-2,45mm hose clamp,Trava Presília Mangueira Intercooler Menor,4016.93.00,Manutenção automotiva,"Plásticos, borrachas e adesivos",geral_2_10_10_25
info\000002\cadastro_produtos.csv,407,WIFI temperature and humidity sensor,Sensor De Temperatura E Umidade Wi-fi - Alexa E Google Home,9032.89.83,Relógio e sensor,"Instrumentos, medição e saúde",geral_2_10_10_25
info\000002\cadastro_produtos.csv,410,"Air filter duct hose Plastic Rubber
27.5cm
Cardboard box",Mangueira Filtro De Ar Tbi 17225-r1a-a01,4009.31.00,Manutenção automotiva,Filtros e purificação,geral_2_10_10_25
info\000002\cadastro_produtos.csv,412,,Enxada Rotativa Aradora Para Roçadeiras 360mm ST178,8433.90.10,"M?quinas, ferramentas e equipamentos","Máquinas, ferramentas e equipamentos",geral_2_10_10_25
info\000002\cadastro_produtos.csv,412-1,Rotary hoe for brushcutter 26mm. 9 stretch marks,Enxada Rotativa Aradora Para Roçadeiras 360mm ST178 26mm 9 Estrias,8433.90.10,Acessório para roçadeiras,"Máquinas, ferramentas e equipamentos",geral_2_10_10_25
info\000002\cadastro_produtos.csv,412-2,Rotary hoe for brushcutter 26mm. square cardan,Enxada Rotativa Aradora Para Roçadeiras 360mm ST178 26 Quadrado 5.0,8433.90.10,Acessório para roçadeiras,"Máquinas, ferramentas e equipamentos",geral_2_10_10_25
info\000002\cadastro_produtos.csv,412-3,Rotary hoe for brushcutter 28 mm. 9 stretch marks,Enxada Rotativa Aradora Para Roçadeiras 360mm ST178 28mm 9 Estrias,8433.90.10,Acessório para roçadeiras,"Máquinas, ferramentas e equipamentos",geral_2_10_10_25
info\000002\cadastro_produtos.csv,412-4,Rotary hoe for brushcutter 28 mm. square cardan,Enxada Rotativa Aradora Para Roçadeiras 360mm ST178 28mm Quadrado 5.0,8433.90.10,Acessório para roçadeiras,"Máquinas, ferramentas e equipamentos",geral_2_10_10_25
info\000002\cadastro_produtos.csv,412-5,,Enxada Rotativa Aradora Para Roçadeiras 360mm ST178 26mm Quadrada 5.5,8433.90.10,"M?quinas, ferramentas e equipamentos","Máquinas, ferramentas e equipamentos",geral_2_10_10_25
info\000002\cadastro_produtos.csv,412-6,,Enxada Rotativa Aradora Para Roçadeiras 360mm ST178 26mm 7 estrias,8433.90.10,"M?quinas, ferramentas e equipamentos","Máquinas, ferramentas e equipamentos",geral_2_10_10_25
info\000002\cadastro_produtos.csv,412-7,,Enxada Rotativa Aradora Para Roçadeiras 360mm ST178 26mm Quadrado 6.0,8433.90.10,"M?quinas, ferramentas e equipamentos","Máquinas, ferramentas e equipamentos",geral_2_10_10_25
info\000002\cadastro_produtos.csv,412-8,,Enxada Rotativa Aradora Para Roçadeiras 360mm ST178 28mm Quadrado 5.5,8433.90.10,"M?quinas, ferramentas e equipamentos","Máquinas, ferramentas e equipamentos",geral_2_10_10_25
info\000002\cadastro_produtos.csv,412-9,,Enxada Rotativa Aradora Para Roçadeiras 360mm ST178 28mm Quadrado 6.0,8433.90.10,"M?quinas, ferramentas e equipamentos","Máquinas, ferramentas e equipamentos",geral_2_10_10_25
info\000002\cadastro_produtos.csv,422,Six claw metal plate trimmer head,Disco Enxada Rotativa Roçadeira Capina Grama Universal,8433.90.10,Acessório para roçadeiras,"Máquinas, ferramentas e equipamentos",geral_2_10_10_25
info\000002\cadastro_produtos.csv,422-K,,Disco Enxada Rotativa Roçadeira Capina Grama Universal 2 Un,8433.90.10,"M?quinas, ferramentas e equipamentos","Máquinas, ferramentas e equipamentos",geral_2_10_10_25
info\000002\cadastro_produtos.csv,425,Intercooler hose for vehicles AB396K683CE,Mangueira Intercooler Ford Ranger 2.2 Alta Performance Silicone AB396K683CE,4009.42.90,Manutenção automotiva,"Plásticos, borrachas e adesivos",geral_2_10_10_25
info\000002\cadastro_produtos.csv,425-1,Intercooler hose for vehicles AB396K683BE/AB396K683DD,Mangueira Intercooler Nova Ranger 3.2 Ab396k683be / DD,4009.42.90,Manutenção automotiva,"Plásticos, borrachas e adesivos",geral_2_10_10_25
info\000002\cadastro_produtos.csv,425-2,Intercooler hose for vehicles AB396K683BF,Mangueira Intercooler Admissão Ford Ranger 3.2 Ab396k683bf,4009.42.90,Manutenção automotiva,"Plásticos, borrachas e adesivos",geral_2_10_10_25
info\000002\cadastro_produtos.csv,432,Rotating steel brush for brush cutter,Escova De Aço Para Roçadeira Profissional Universal,8433.90.10,Acessório para roçadeiras,"Máquinas, ferramentas e equipamentos",geral_2_10_10_25
info\000002\cadastro_produtos.csv,433-1,WALL PANEL,"Painel Ripado De Madeira Ecológica 290x16x2,5 Cm Wpc Parede Cor:Carvalho",4410.19.19,"Casa, utilidades e identifica??o","Casa, utilidades e identificação",geral_2_10_10_25
info\000002\cadastro_produtos.csv,433-2,WALL PANEL,"Painel Ripado De Madeira Ecológica 290x16x2,5 Cm Wpc Parede Cor:Mogno",4410.19.19,"Casa, utilidades e identifica??o","Casa, utilidades e identificação",geral_2_10_10_25
info\000002\cadastro_produtos.csv,436,Cardam Brushcutter Glove Adapter,Adaptador Luva Cardan Roçadeira De Enxada Rotativa Arador,8433.90.10,Acessório para roçadeiras,"Máquinas, ferramentas e equipamentos",geral_2_10_10_25
info\000002\cadastro_produtos.csv,436-1,Cardam Brushcutter Glove Adapter 9 stretch marks,Adaptador Luva Cardan Roçadeira De Enxada Rotativa Arador Cardan 9 estrias,8433.90.10,Acessório para roçadeiras,"Máquinas, ferramentas e equipamentos",geral_2_10_10_25
info\000002\cadastro_produtos.csv,436-2,Cardam Brushcutter Glove Adapter 7 stretch marks,Adaptador Luva Cardan Roçadeira De Enxada Rotativa Arador Cardan 7 estrias,8433.90.10,Acessório para roçadeiras,"Máquinas, ferramentas e equipamentos",geral_2_10_10_25
info\000002\cadastro_produtos.csv,436-3,Cardam Brushcutter Glove Adapter 6mm square,Adaptador Luva Cardan Roçadeira De Enxada Rotativa Arador Cardan Quadrado 6mm,8433.90.10,Acessório para roçadeiras,"Máquinas, ferramentas e equipamentos",geral_2_10_10_25
info\000002\cadastro_produtos.csv,436-4,Cardam Brushcutter Glove Adapter 5.5mm square,"Adaptador Luva Cardan Roçadeira De Enxada Rotativa Arador Cardan Quadrado 5,5 mm",8433.90.10,Acessório para roçadeiras,"Máquinas, ferramentas e equipamentos",geral_2_10_10_25
info\000002\cadastro_produtos.csv,438,Anti-fog facial protective mask,Máscara Facial Transparente Anti-embaçante Roçadeira Olhos,9020.00.90,Equipamento de proteção,"Máquinas, ferramentas e equipamentos",geral_2_10_10_25
info\000002\cadastro_produtos.csv,440,Vehicle speed gear position sensor,Sensor Fluxo Ar Frontier 2.5 16v 2008 2009 2010 2011 2012,8533.40.91,Manutenção automotiva,Componentes elétricos e iluminação,geral_2_10_10_25
info\000002\cadastro_produtos.csv,441,Vehicle speed gear position sensor,"Sensor (tr) Posição Cambio Powershift Fiesta, Focus Ecosport",8533.40.91,Manutenção automotiva,Componentes elétricos e iluminação,geral_2_10_10_25
info\000002\cadastro_produtos.csv,443,2 remote controls 1 receiver for crane,"2 Controles Remotos Ponte Rolante, Guincho, Talha",8425.31.10,Ferramenta para controlar guindastes e talhas elétricas,"Máquinas, ferramentas e equipamentos",geral_2_10_10_25
info\000002\cadastro_produtos.csv,444-K2-1,,Kit Lâminas 2 un Para Roçadeira Rotativa - Disco Enxada + Escova de Aço,8433.90.10,"M?quinas, ferramentas e equipamentos","Máquinas, ferramentas e equipamentos",geral_2_10_10_25
info\000002\cadastro_produtos.csv,444-K3,,Kit Lâminas 3 un Para Roçadeira Rotativa - Disco Enxada + Escova de Aço + Lâmina Canivete,8433.90.10,"M?quinas, ferramentas e equipamentos","Máquinas, ferramentas e equipamentos",geral_2_10_10_25
info\000002\cadastro_produtos.csv,444-K3-1,,Kit Lâminas 2 un + Masca Epi Para Roçadeira Rotativa - Disco Enxada + Escova de Aço,8433.90.10,"M?quinas, ferramentas e equipamentos","Máquinas, ferramentas e equipamentos",geral_2_10_10_25
info\000002\cadastro_produtos.csv,444-K3-2,,Kit Lâminas 2 un + Masca Epi Para Roçadeira Rotativa - Escova de Aço + Lâmina Canivete,8433.90.10,"M?quinas, ferramentas e equipamentos","Máquinas, ferramentas e equipamentos",geral_2_10_10_25
info\000002\cadastro_produtos.csv,445,Mini safe holds keys,Caixa Segredo Mini Cofre Porta Guarda Chave Senha Alterável Cor Preto,8303.00.00,Manutenção automotiva,Componentes elétricos e iluminação,geral_2_10_10_25
info\000002\cadastro_produtos.csv,446,Manual Hoist - 1 Ton - 10 Meters,Talha Manual Deckas - 1 Tonelada - 10 Metros,8425.19.10,Ferramenta ultilizada em construção e indústria em geral,"Máquinas, ferramentas e equipamentos",geral_2_10_10_25
info\000002\cadastro_produtos.csv,453,6 Point Blade,Lamina 6 Pontas Motopoda Canivete Nakasaki Para Roçadeiras,8433.90.10,Acessório para roçadeiras,"Máquinas, ferramentas e equipamentos",geral_2_10_10_25
info\000002\cadastro_produtos.csv,458-3,Replacement emblem compatible with City vehicle,Emblema do parachoque 71121-T9A-T00,3926.90.90,Manutenção automotiva,"Plásticos, borrachas e adesivos",geral_2_10_10_25
info\000002\cadastro_produtos.csv,458-K3,,Grade+Frizo+Emblema do para choque 71121-T9A-T00 Cor:Preto/Chromado,3926.90.90,"Pl?sticos, borrachas e adesivos","Plásticos, borrachas e adesivos",geral_2_10_10_25
info\000002\cadastro_produtos.csv,460,12v Submersible Pump for water and oil,Bomba Submersa 12v Transferência Óleo Diesel Água,8413.70.10,Bomba para transferencia de líquidos,"Bombas, hidráulica e circulação de líquidos",geral_2_10_10_25
info\000002\cadastro_produtos.csv,461,Quick Disconnect Battery Terminal Connector. 2Pcs,Conector Terminal Bateria C/ Engate Rápido Carro Par,8507.90.90,Manutenção automotiva,Componentes elétricos e iluminação,geral_2_10_10_25
info\000002\cadastro_produtos.csv,473,Fire blanket 1.8x1.2cm,"Manta Anti Chama Fire Blanket 1,20 X 1,80 M",3919.90.90,Equipamento de segurança,"Plásticos, borrachas e adesivos",geral_2_10_10_25
info\000002\cadastro_produtos.csv,005,Vehicle fuel pressure sensor,Sensor Pressão Combustível 5WS40039,9032.89.81,Manutenção automotiva,"Instrumentos, medição e saúde",geral_2_10_10_25
info\000002\cadastro_produtos.csv,59,Vehicle Throttle Position Sensor,Sensor Tps Posição Borboleta Honda Civic 96 97 98 99 00,9032.10.90,Manutenção automotiva,"Instrumentos, medição e saúde",geral_2_10_10_25
info\000002\cadastro_produtos.csv,60-K4,,Emblema Lateral Bmw F800 Gs 1200 Aluminium 4 Und,5807.90.00,"Casa, utilidades e identifica??o","Casa, utilidades e identificação",geral_2_10_10_25
info\000002\cadastro_produtos.csv,78,Water pump DC 24V,Mini Bomba D'água Voltagem: 22w 5m 800l/h 24v Dc,8413.81.00,Manutenção automotiva,"Bombas, hidráulica e circulação de líquidos",geral_2_10_10_25
info\000002\cadastro_produtos.csv,79,Water pump DC 12V,Mini Bomba D'água Voltagem: 19w 5m 800l/h 12v Dc,8413.82.00,Manutenção automotiva,"Bombas, hidráulica e circulação de líquidos",override_exato
info\000002\cadastro_produtos.csv,008,Car roof antenna base,Base Para Antena De Carros 1087087,8529.10.90,Manutenção automotiva,"Eletrônicos, informática e comunicação",geral_2_10_10_25
info\000002\cadastro_produtos.csv,80,Vehicle Thermostatic Valve,Válvula Termostática,8481.80.21,Manutenção automotiva,"Válvulas, registros e conexões",geral_2_10_10_25
info\000002\cadastro_produtos.csv,81,Vehicle lamp D4R 6000K 35W 12V,Lâmpada Xenon D4r 6000k,8539.90.90,Manutenção automotiva,Componentes elétricos e iluminação,geral_2_10_10_25
info\000002\cadastro_produtos.csv,81-K,Pair of D4R 6000K 35W 12V automotive bulbs,Par Lampada Xenon D4r 35w 6000k,8539.90.90,Manutenção automotiva,Componentes elétricos e iluminação,geral_2_10_10_25
info\000002\cadastro_produtos.csv,82,Vehicle lamp D4R 4300K 35W 12V,Lampada Xenon D4r Original 35w 4300k,8539.90.90,Manutenção automotiva,Componentes elétricos e iluminação,geral_2_10_10_25
info\000002\cadastro_produtos.csv,82-K,Pair of Vehicle lamp D4R 4300K 35W 12V,Par Lampada Xenon D4r 35w 4300k,8539.29.10,Manutenção automotiva,Componentes elétricos e iluminação,geral_2_10_10_25
info\000002\cadastro_produtos.csv,94-1,Vehicle side sticker,Emblema Lateral VW Logo: Clean,3919.10.90,Manutenção automotiva,"Plásticos, borrachas e adesivos",geral_2_10_10_25
info\000002\cadastro_produtos.csv,94-2,,Emblema Lateral VW Logo: 4 Motion,3919.10.90,"Pl?sticos, borrachas e adesivos","Plásticos, borrachas e adesivos",geral_2_10_10_25
